Site,Species,ReadingDateTime,Value,Units,Provisional or Ratified
EA6,NO,01/01/2020 00:00,90.9,ug m-3,R
EA6,NO,02/01/2020 00:00,106.8,ug m-3,R
EA6,NO,03/01/2020 00:00,105,ug m-3,R
EA6,NO,04/01/2020 00:00,118.2,ug m-3,R
EA6,NO,05/01/2020 00:00,64.8,ug m-3,R
EA6,NO,06/01/2020 00:00,112.4,ug m-3,R
EA6,NO,07/01/2020 00:00,107.8,ug m-3,R
EA6,NO,08/01/2020 00:00,118.9,ug m-3,R
EA6,NO,09/01/2020 00:00,85.8,ug m-3,R
EA6,NO,10/01/2020 00:00,140.2,ug m-3,R
EA6,NO,11/01/2020 00:00,55.5,ug m-3,R
EA6,NO,12/01/2020 00:00,56.9,ug m-3,R
EA6,NO,13/01/2020 00:00,110,ug m-3,R
EA6,NO,14/01/2020 00:00,87.7,ug m-3,R
EA6,NO,15/01/2020 00:00,117.1,ug m-3,R
EA6,NO,16/01/2020 00:00,106.3,ug m-3,R
EA6,NO,17/01/2020 00:00,113.4,ug m-3,R
EA6,NO,18/01/2020 00:00,171.89999,ug m-3,R
EA6,NO,19/01/2020 00:00,184.60001,ug m-3,R
EA6,NO,20/01/2020 00:00,325.10001,ug m-3,R
EA6,NO,21/01/2020 00:00,378.5,ug m-3,R
EA6,NO,22/01/2020 00:00,140.39999,ug m-3,R
EA6,NO,23/01/2020 00:00,43.1,ug m-3,R
EA6,NO,24/01/2020 00:00,188.39999,ug m-3,R
EA6,NO,25/01/2020 00:00,135.7,ug m-3,R
EA6,NO,26/01/2020 00:00,84.8,ug m-3,R
EA6,NO,27/01/2020 00:00,142.10001,ug m-3,R
EA6,NO,28/01/2020 00:00,90.3,ug m-3,R
EA6,NO,29/01/2020 00:00,96.9,ug m-3,R
EA6,NO,30/01/2020 00:00,123.8,ug m-3,R
EA6,NO,31/01/2020 00:00,65.3,ug m-3,R
EA6,NO,01/02/2020 00:00,45,ug m-3,R
EA6,NO,02/02/2020 00:00,39.7,ug m-3,R
EA6,NO,03/02/2020 00:00,74.1,ug m-3,R
EA6,NO,04/02/2020 00:00,84.9,ug m-3,R
EA6,NO,05/02/2020 00:00,206.2,ug m-3,R
EA6,NO,06/02/2020 00:00,205.89999,ug m-3,R
EA6,NO,07/02/2020 00:00,121.7,ug m-3,R
EA6,NO,08/02/2020 00:00,74.6,ug m-3,R
EA6,NO,09/02/2020 00:00,13.1,ug m-3,R
EA6,NO,10/02/2020 00:00,44.3,ug m-3,R
EA6,NO,11/02/2020 00:00,52.5,ug m-3,R
EA6,NO,12/02/2020 00:00,102.7,ug m-3,R
EA6,NO,13/02/2020 00:00,104.5,ug m-3,R
EA6,NO,14/02/2020 00:00,133.3,ug m-3,R
EA6,NO,15/02/2020 00:00,37.8,ug m-3,R
EA6,NO,16/02/2020 00:00,21.1,ug m-3,R
EA6,NO,17/02/2020 00:00,50.4,ug m-3,R
EA6,NO,18/02/2020 00:00,63,ug m-3,R
EA6,NO,19/02/2020 00:00,118.5,ug m-3,R
EA6,NO,20/02/2020 00:00,75.2,ug m-3,R
EA6,NO,21/02/2020 00:00,45.9,ug m-3,R
EA6,NO,22/02/2020 00:00,31.9,ug m-3,R
EA6,NO,23/02/2020 00:00,71.3,ug m-3,R
EA6,NO,24/02/2020 00:00,54,ug m-3,R
EA6,NO,25/02/2020 00:00,71.8,ug m-3,R
EA6,NO,26/02/2020 00:00,113.4,ug m-3,R
EA6,NO,27/02/2020 00:00,80.9,ug m-3,R
EA6,NO,28/02/2020 00:00,96,ug m-3,R
EA6,NO,29/02/2020 00:00,39.9,ug m-3,R
EA6,NO,01/03/2020 00:00,51.8,ug m-3,R
EA6,NO,02/03/2020 00:00,84.2,ug m-3,R
EA6,NO,03/03/2020 00:00,157,ug m-3,R
EA6,NO,04/03/2020 00:00,94.7,ug m-3,R
EA6,NO,05/03/2020 00:00,11,ug m-3,R
EA6,NO,06/03/2020 00:00,178.39999,ug m-3,R
EA6,NO,07/03/2020 00:00,94.6,ug m-3,R
EA6,NO,08/03/2020 00:00,39.9,ug m-3,R
EA6,NO,09/03/2020 00:00,89.3,ug m-3,R
EA6,NO,10/03/2020 00:00,52.9,ug m-3,R
EA6,NO,11/03/2020 00:00,62.1,ug m-3,R
EA6,NO,12/03/2020 00:00,49.7,ug m-3,R
EA6,NO,13/03/2020 00:00,115.5,ug m-3,R
EA6,NO,14/03/2020 00:00,80,ug m-3,R
EA6,NO,15/03/2020 00:00,70.2,ug m-3,R
EA6,NO,16/03/2020 00:00,145,ug m-3,R
EA6,NO,17/03/2020 00:00,83.7,ug m-3,R
EA6,NO,18/03/2020 00:00,89.5,ug m-3,R
EA6,NO,19/03/2020 00:00,4.6,ug m-3,R
EA6,NO,20/03/2020 00:00,3.1,ug m-3,R
EA6,NO,21/03/2020 00:00,2.9,ug m-3,R
EA6,NO,22/03/2020 00:00,2.1,ug m-3,R
EA6,NO,23/03/2020 00:00,11.6,ug m-3,R
EA6,NO,24/03/2020 00:00,69.4,ug m-3,R
EA6,NO,25/03/2020 00:00,35.8,ug m-3,R
EA6,NO,26/03/2020 00:00,4,ug m-3,R
EA6,NO,27/03/2020 00:00,3.9,ug m-3,R
EA6,NO,28/03/2020 00:00,2.3,ug m-3,R
EA6,NO,29/03/2020 00:00,2,ug m-3,R
EA6,NO,30/03/2020 00:00,8,ug m-3,R
EA6,NO,31/03/2020 00:00,3.9,ug m-3,R
EA6,NO,01/04/2020 00:00,87.1,ug m-3,R
EA6,NO,02/04/2020 00:00,70.9,ug m-3,R
EA6,NO,03/04/2020 00:00,107.9,ug m-3,R
EA6,NO,04/04/2020 00:00,65.3,ug m-3,R
EA6,NO,05/04/2020 00:00,21.4,ug m-3,R
EA6,NO,06/04/2020 00:00,74,ug m-3,R
EA6,NO,07/04/2020 00:00,45.9,ug m-3,R
EA6,NO,08/04/2020 00:00,6,ug m-3,R
EA6,NO,09/04/2020 00:00,7.1,ug m-3,R
EA6,NO,10/04/2020 00:00,4.2,ug m-3,R
EA6,NO,11/04/2020 00:00,33.8,ug m-3,R
EA6,NO,12/04/2020 00:00,20.1,ug m-3,R
EA6,NO,13/04/2020 00:00,1.8,ug m-3,R
EA6,NO,14/04/2020 00:00,11.4,ug m-3,R
EA6,NO,15/04/2020 00:00,45.1,ug m-3,R
EA6,NO,16/04/2020 00:00,14.5,ug m-3,R
EA6,NO,17/04/2020 00:00,2.6,ug m-3,R
EA6,NO,18/04/2020 00:00,6,ug m-3,R
EA6,NO,19/04/2020 00:00,3,ug m-3,R
EA6,NO,20/04/2020 00:00,2.4,ug m-3,R
EA6,NO,21/04/2020 00:00,2.3,ug m-3,R
EA6,NO,22/04/2020 00:00,3.1,ug m-3,R
EA6,NO,23/04/2020 00:00,7.2,ug m-3,R
EA6,NO,24/04/2020 00:00,11.1,ug m-3,R
EA6,NO,25/04/2020 00:00,7.8,ug m-3,R
EA6,NO,26/04/2020 00:00,37.1,ug m-3,R
EA6,NO,27/04/2020 00:00,64.5,ug m-3,R
EA6,NO,28/04/2020 00:00,2.7,ug m-3,R
EA6,NO,29/04/2020 00:00,80.5,ug m-3,R
EA6,NO,30/04/2020 00:00,70,ug m-3,R
EA6,NO,01/05/2020 00:00,48.2,ug m-3,R
EA6,NO,02/05/2020 00:00,43.1,ug m-3,R
EA6,NO,03/05/2020 00:00,24.8,ug m-3,R
EA6,NO,04/05/2020 00:00,2.7,ug m-3,R
EA6,NO,05/05/2020 00:00,1.7,ug m-3,R
EA6,NO,06/05/2020 00:00,6.4,ug m-3,R
EA6,NO,07/05/2020 00:00,54.7,ug m-3,R
EA6,NO,08/05/2020 00:00,49.9,ug m-3,R
EA6,NO,09/05/2020 00:00,8.5,ug m-3,R
EA6,NO,10/05/2020 00:00,1.6,ug m-3,R
EA6,NO,11/05/2020 00:00,2.9,ug m-3,R
EA6,NO,12/05/2020 00:00,45.9,ug m-3,R
EA6,NO,13/05/2020 00:00,3.9,ug m-3,R
EA6,NO,14/05/2020 00:00,4.7,ug m-3,R
EA6,NO,15/05/2020 00:00,73,ug m-3,R
EA6,NO,16/05/2020 00:00,66.4,ug m-3,R
EA6,NO,17/05/2020 00:00,46.3,ug m-3,R
EA6,NO,18/05/2020 00:00,66.6,ug m-3,R
EA6,NO,19/05/2020 00:00,79.1,ug m-3,R
EA6,NO,20/05/2020 00:00,106.7,ug m-3,R
EA6,NO,21/05/2020 00:00,79.9,ug m-3,R
EA6,NO,22/05/2020 00:00,38.2,ug m-3,R
EA6,NO,23/05/2020 00:00,24.7,ug m-3,R
EA6,NO,24/05/2020 00:00,36.1,ug m-3,R
EA6,NO,25/05/2020 00:00,62.5,ug m-3,R
EA6,NO,26/05/2020 00:00,70.1,ug m-3,R
EA6,NO,27/05/2020 00:00,24.9,ug m-3,R
EA6,NO,28/05/2020 00:00,3.2,ug m-3,R
EA6,NO,29/05/2020 00:00,7.9,ug m-3,R
EA6,NO,30/05/2020 00:00,5.4,ug m-3,R
EA6,NO,31/05/2020 00:00,4,ug m-3,R
EA6,NO,01/06/2020 00:00,6.6,ug m-3,R
EA6,NO,02/06/2020 00:00,35.3,ug m-3,R
EA6,NO,03/06/2020 00:00,33.1,ug m-3,R
EA6,NO,04/06/2020 00:00,49,ug m-3,R
EA6,NO,05/06/2020 00:00,73.6,ug m-3,R
EA6,NO,06/06/2020 00:00,67.2,ug m-3,R
EA6,NO,07/06/2020 00:00,38.5,ug m-3,R
EA6,NO,08/06/2020 00:00,16.7,ug m-3,R
EA6,NO,09/06/2020 00:00,47.3,ug m-3,R
EA6,NO,10/06/2020 00:00,114.9,ug m-3,R
EA6,NO,11/06/2020 00:00,3.8,ug m-3,R
EA6,NO,12/06/2020 00:00,2.6,ug m-3,R
EA6,NO,13/06/2020 00:00,34.3,ug m-3,R
EA6,NO,14/06/2020 00:00,59,ug m-3,R
EA6,NO,15/06/2020 00:00,106.5,ug m-3,R
EA6,NO,16/06/2020 00:00,117.1,ug m-3,R
EA6,NO,17/06/2020 00:00,84,ug m-3,R
EA6,NO,18/06/2020 00:00,108.7,ug m-3,R
EA6,NO,19/06/2020 00:00,83.4,ug m-3,R
EA6,NO,20/06/2020 00:00,92.9,ug m-3,R
EA6,NO,21/06/2020 00:00,41.7,ug m-3,R
EA6,NO,22/06/2020 00:00,95.4,ug m-3,R
EA6,NO,23/06/2020 00:00,104.8,ug m-3,R
EA6,NO,24/06/2020 00:00,7.4,ug m-3,R
EA6,NO,25/06/2020 00:00,4.6,ug m-3,R
EA6,NO,26/06/2020 00:00,72.6,ug m-3,R
EA6,NO,27/06/2020 00:00,52.3,ug m-3,R
EA6,NO,28/06/2020 00:00,20.4,ug m-3,R
EA6,NO,29/06/2020 00:00,44.5,ug m-3,R
EA6,NO,30/06/2020 00:00,77.4,ug m-3,R
EA6,NO,01/07/2020 00:00,64.1,ug m-3,R
EA6,NO,02/07/2020 00:00,79.8,ug m-3,R
EA6,NO,03/07/2020 00:00,53.8,ug m-3,R
EA6,NO,04/07/2020 00:00,36.8,ug m-3,R
EA6,NO,05/07/2020 00:00,21.7,ug m-3,R
EA6,NO,06/07/2020 00:00,60.6,ug m-3,R
EA6,NO,07/07/2020 00:00,86.6,ug m-3,R
EA6,NO,08/07/2020 00:00,88.3,ug m-3,R
EA6,NO,09/07/2020 00:00,71.2,ug m-3,R
EA6,NO,10/07/2020 00:00,63.4,ug m-3,R
EA6,NO,11/07/2020 00:00,56.9,ug m-3,R
EA6,NO,12/07/2020 00:00,52.4,ug m-3,R
EA6,NO,13/07/2020 00:00,86.8,ug m-3,R
EA6,NO,14/07/2020 00:00,58.8,ug m-3,R
EA6,NO,15/07/2020 00:00,101.3,ug m-3,R
EA6,NO,16/07/2020 00:00,52.6,ug m-3,R
EA6,NO,17/07/2020 00:00,102,ug m-3,R
EA6,NO,18/07/2020 00:00,70.5,ug m-3,R
EA6,NO,19/07/2020 00:00,15.9,ug m-3,R
EA6,NO,20/07/2020 00:00,22.6,ug m-3,R
EA6,NO,21/07/2020 00:00,30.3,ug m-3,R
EA6,NO,22/07/2020 00:00,87,ug m-3,R
EA6,NO,23/07/2020 00:00,76,ug m-3,R
EA6,NO,24/07/2020 00:00,86,ug m-3,R
EA6,NO,25/07/2020 00:00,69.8,ug m-3,R
EA6,NO,26/07/2020 00:00,65.6,ug m-3,R
EA6,NO,27/07/2020 00:00,91,ug m-3,R
EA6,NO,28/07/2020 00:00,79.9,ug m-3,R
EA6,NO,29/07/2020 00:00,114.3,ug m-3,R
EA6,NO,30/07/2020 00:00,119.1,ug m-3,R
EA6,NO,31/07/2020 00:00,46.8,ug m-3,R
EA6,NO,01/08/2020 00:00,60.7,ug m-3,R
EA6,NO,02/08/2020 00:00,52,ug m-3,R
EA6,NO,03/08/2020 00:00,38.4,ug m-3,R
EA6,NO,04/08/2020 00:00,108.4,ug m-3,R
EA6,NO,05/08/2020 00:00,75.5,ug m-3,R
EA6,NO,06/08/2020 00:00,123.5,ug m-3,R
EA6,NO,07/08/2020 00:00,129.8,ug m-3,R
EA6,NO,08/08/2020 00:00,18.1,ug m-3,R
EA6,NO,09/08/2020 00:00,2,ug m-3,R
EA6,NO,10/08/2020 00:00,13.5,ug m-3,R
EA6,NO,11/08/2020 00:00,9,ug m-3,R
EA6,NO,12/08/2020 00:00,30.4,ug m-3,R
EA6,NO,13/08/2020 00:00,6.2,ug m-3,R
EA6,NO,14/08/2020 00:00,28.3,ug m-3,R
EA6,NO,15/08/2020 00:00,28.3,ug m-3,R
EA6,NO,16/08/2020 00:00,49.6,ug m-3,R
EA6,NO,17/08/2020 00:00,93.6,ug m-3,R
EA6,NO,18/08/2020 00:00,95.2,ug m-3,R
EA6,NO,19/08/2020 00:00,69.5,ug m-3,R
EA6,NO,20/08/2020 00:00,84.4,ug m-3,R
EA6,NO,21/08/2020 00:00,35.8,ug m-3,R
EA6,NO,22/08/2020 00:00,30.4,ug m-3,R
EA6,NO,23/08/2020 00:00,41.5,ug m-3,R
EA6,NO,24/08/2020 00:00,106.2,ug m-3,R
EA6,NO,25/08/2020 00:00,55.1,ug m-3,R
EA6,NO,26/08/2020 00:00,67.7,ug m-3,R
EA6,NO,27/08/2020 00:00,102.5,ug m-3,R
EA6,NO,28/08/2020 00:00,71.9,ug m-3,R
EA6,NO,29/08/2020 00:00,20.5,ug m-3,R
EA6,NO,30/08/2020 00:00,6.4,ug m-3,R
EA6,NO,31/08/2020 00:00,77.3,ug m-3,R
EA6,NO,01/09/2020 00:00,121.1,ug m-3,R
EA6,NO,02/09/2020 00:00,124.3,ug m-3,R
EA6,NO,03/09/2020 00:00,66.3,ug m-3,R
EA6,NO,04/09/2020 00:00,98.8,ug m-3,R
EA6,NO,05/09/2020 00:00,98.1,ug m-3,R
EA6,NO,06/09/2020 00:00,92.9,ug m-3,R
EA6,NO,07/09/2020 00:00,115.9,ug m-3,R
EA6,NO,08/09/2020 00:00,90,ug m-3,R
EA6,NO,09/09/2020 00:00,71.7,ug m-3,R
EA6,NO,10/09/2020 00:00,43.8,ug m-3,R
EA6,NO,11/09/2020 00:00,123.8,ug m-3,R
EA6,NO,12/09/2020 00:00,68.9,ug m-3,R
EA6,NO,13/09/2020 00:00,65.9,ug m-3,R
EA6,NO,14/09/2020 00:00,41.5,ug m-3,R
EA6,NO,15/09/2020 00:00,56,ug m-3,R
EA6,NO,16/09/2020 00:00,5.7,ug m-3,R
EA6,NO,17/09/2020 00:00,3.8,ug m-3,R
EA6,NO,18/09/2020 00:00,5.4,ug m-3,R
EA6,NO,19/09/2020 00:00,2.6,ug m-3,R
EA6,NO,20/09/2020 00:00,2.3,ug m-3,R
EA6,NO,21/09/2020 00:00,73,ug m-3,R
EA6,NO,22/09/2020 00:00,101.6,ug m-3,R
EA6,NO,23/09/2020 00:00,90,ug m-3,R
EA6,NO,24/09/2020 00:00,123.1,ug m-3,R
EA6,NO,25/09/2020 00:00,48.8,ug m-3,R
EA6,NO,26/09/2020 00:00,33.4,ug m-3,R
EA6,NO,27/09/2020 00:00,14.1,ug m-3,R
EA6,NO,28/09/2020 00:00,102.6,ug m-3,R
EA6,NO,29/09/2020 00:00,112,ug m-3,R
EA6,NO,30/09/2020 00:00,116.2,ug m-3,R
EA6,NO,01/10/2020 00:00,109,ug m-3,R
EA6,NO,02/10/2020 00:00,4.4,ug m-3,R
EA6,NO,03/10/2020 00:00,86.1,ug m-3,R
EA6,NO,04/10/2020 00:00,49.6,ug m-3,R
EA6,NO,05/10/2020 00:00,90.3,ug m-3,R
EA6,NO,06/10/2020 00:00,76.6,ug m-3,R
EA6,NO,07/10/2020 00:00,107.6,ug m-3,R
EA6,NO,08/10/2020 00:00,80.3,ug m-3,R
EA6,NO,09/10/2020 00:00,155.89999,ug m-3,R
EA6,NO,10/10/2020 00:00,88.6,ug m-3,R
EA6,NO,11/10/2020 00:00,67,ug m-3,R
EA6,NO,12/10/2020 00:00,172.5,ug m-3,R
EA6,NO,13/10/2020 00:00,78.1,ug m-3,R
EA6,NO,14/10/2020 00:00,10.9,ug m-3,R
EA6,NO,15/10/2020 00:00,15.9,ug m-3,R
EA6,NO,16/10/2020 00:00,19.4,ug m-3,R
EA6,NO,17/10/2020 00:00,43.1,ug m-3,R
EA6,NO,18/10/2020 00:00,110.1,ug m-3,R
EA6,NO,19/10/2020 00:00,95.8,ug m-3,R
EA6,NO,20/10/2020 00:00,118,ug m-3,R
EA6,NO,21/10/2020 00:00,58.6,ug m-3,R
EA6,NO,22/10/2020 00:00,113.4,ug m-3,R
EA6,NO,23/10/2020 00:00,107.8,ug m-3,R
EA6,NO,24/10/2020 00:00,70.1,ug m-3,R
EA6,NO,25/10/2020 00:00,87,ug m-3,R
EA6,NO,26/10/2020 00:00,109.4,ug m-3,R
EA6,NO,27/10/2020 00:00,119.3,ug m-3,R
EA6,NO,28/10/2020 00:00,81.9,ug m-3,R
EA6,NO,29/10/2020 00:00,86,ug m-3,R
EA6,NO,30/10/2020 00:00,66.9,ug m-3,R
EA6,NO,31/10/2020 00:00,62.7,ug m-3,R
EA6,NO,01/11/2020 00:00,31.4,ug m-3,R
EA6,NO,02/11/2020 00:00,38.1,ug m-3,R
EA6,NO,03/11/2020 00:00,111.8,ug m-3,R
EA6,NO,04/11/2020 00:00,240.89999,ug m-3,R
EA6,NO,05/11/2020 00:00,264.39999,ug m-3,R
EA6,NO,06/11/2020 00:00,62.8,ug m-3,R
EA6,NO,07/11/2020 00:00,42.9,ug m-3,R
EA6,NO,08/11/2020 00:00,72,ug m-3,R
EA6,NO,09/11/2020 00:00,59.7,ug m-3,R
EA6,NO,10/11/2020 00:00,129.2,ug m-3,R
EA6,NO,11/11/2020 00:00,110.5,ug m-3,R
EA6,NO,12/11/2020 00:00,97.8,ug m-3,R
EA6,NO,13/11/2020 00:00,121.1,ug m-3,R
EA6,NO,14/11/2020 00:00,60.3,ug m-3,R
EA6,NO,15/11/2020 00:00,27.5,ug m-3,R
EA6,NO,16/11/2020 00:00,69.3,ug m-3,R
EA6,NO,17/11/2020 00:00,60.2,ug m-3,R
EA6,NO,18/11/2020 00:00,93.2,ug m-3,R
EA6,NO,19/11/2020 00:00,96.1,ug m-3,R
EA6,NO,20/11/2020 00:00,172.60001,ug m-3,R
EA6,NO,21/11/2020 00:00,36.2,ug m-3,R
EA6,NO,22/11/2020 00:00,106.9,ug m-3,R
EA6,NO,23/11/2020 00:00,216.3,ug m-3,R
EA6,NO,24/11/2020 00:00,150.7,ug m-3,R
EA6,NO,25/11/2020 00:00,129,ug m-3,R
EA6,NO,26/11/2020 00:00,57.2,ug m-3,R
EA6,NO,27/11/2020 00:00,144.89999,ug m-3,R
EA6,NO,28/11/2020 00:00,18.8,ug m-3,R
EA6,NO,29/11/2020 00:00,46.3,ug m-3,R
EA6,NO,30/11/2020 00:00,99.5,ug m-3,R
EA6,NO,01/12/2020 00:00,97.9,ug m-3,R
EA6,NO,02/12/2020 00:00,186.2,ug m-3,R
EA6,NO,03/12/2020 00:00,165.5,ug m-3,R
EA6,NO,04/12/2020 00:00,109.4,ug m-3,R
EA6,NO,05/12/2020 00:00,12,ug m-3,R
EA6,NO,06/12/2020 00:00,23.6,ug m-3,R
EA6,NO,07/12/2020 00:00,85.3,ug m-3,R
EA6,NO,08/12/2020 00:00,241.7,ug m-3,R
EA6,NO,09/12/2020 00:00,145,ug m-3,R
EA6,NO,10/12/2020 00:00,43.9,ug m-3,R
EA6,NO,11/12/2020 00:00,171.8,ug m-3,R
EA6,NO,12/12/2020 00:00,109.4,ug m-3,R
EA6,NO,13/12/2020 00:00,68.6,ug m-3,R
EA6,NO,14/12/2020 00:00,120.5,ug m-3,R
EA6,NO,15/12/2020 00:00,139.3,ug m-3,R
EA6,NO,16/12/2020 00:00,139.10001,ug m-3,R
EA6,NO,17/12/2020 00:00,122.1,ug m-3,R
EA6,NO,18/12/2020 00:00,93.8,ug m-3,R
EA6,NO,19/12/2020 00:00,88.7,ug m-3,R
EA6,NO,20/12/2020 00:00,57.9,ug m-3,R
EA6,NO,21/12/2020 00:00,63.5,ug m-3,R
EA6,NO,22/12/2020 00:00,73.9,ug m-3,R
EA6,NO,23/12/2020 00:00,95.8,ug m-3,R
EA6,NO,24/12/2020 00:00,22.6,ug m-3,R
EA6,NO,25/12/2020 00:00,50.2,ug m-3,R
EA6,NO,26/12/2020 00:00,14,ug m-3,R
EA6,NO,27/12/2020 00:00,46.6,ug m-3,R
EA6,NO,28/12/2020 00:00,41.1,ug m-3,R
EA6,NO,29/12/2020 00:00,77,ug m-3,R
EA6,NO,30/12/2020 00:00,163.39999,ug m-3,R
EA6,NO,31/12/2020 00:00,106.9,ug m-3,R
EA6,NO2,01/01/2020 00:00,66.5,ug m-3,R
EA6,NO2,02/01/2020 00:00,64.5,ug m-3,R
EA6,NO2,03/01/2020 00:00,70.2,ug m-3,R
EA6,NO2,04/01/2020 00:00,79.7,ug m-3,R
EA6,NO2,05/01/2020 00:00,61,ug m-3,R
EA6,NO2,06/01/2020 00:00,71.9,ug m-3,R
EA6,NO2,07/01/2020 00:00,64.5,ug m-3,R
EA6,NO2,08/01/2020 00:00,65.3,ug m-3,R
EA6,NO2,09/01/2020 00:00,54.6,ug m-3,R
EA6,NO2,10/01/2020 00:00,77.1,ug m-3,R
EA6,NO2,11/01/2020 00:00,44.5,ug m-3,R
EA6,NO2,12/01/2020 00:00,44.1,ug m-3,R
EA6,NO2,13/01/2020 00:00,62.7,ug m-3,R
EA6,NO2,14/01/2020 00:00,49.2,ug m-3,R
EA6,NO2,15/01/2020 00:00,68.9,ug m-3,R
EA6,NO2,16/01/2020 00:00,65.7,ug m-3,R
EA6,NO2,17/01/2020 00:00,67.5,ug m-3,R
EA6,NO2,18/01/2020 00:00,84,ug m-3,R
EA6,NO2,19/01/2020 00:00,85.3,ug m-3,R
EA6,NO2,20/01/2020 00:00,97.6,ug m-3,R
EA6,NO2,21/01/2020 00:00,98.9,ug m-3,R
EA6,NO2,22/01/2020 00:00,65.7,ug m-3,R
EA6,NO2,23/01/2020 00:00,53.8,ug m-3,R
EA6,NO2,24/01/2020 00:00,70.4,ug m-3,R
EA6,NO2,25/01/2020 00:00,68.5,ug m-3,R
EA6,NO2,26/01/2020 00:00,55.9,ug m-3,R
EA6,NO2,27/01/2020 00:00,80.1,ug m-3,R
EA6,NO2,28/01/2020 00:00,56.8,ug m-3,R
EA6,NO2,29/01/2020 00:00,61.8,ug m-3,R
EA6,NO2,30/01/2020 00:00,62.2,ug m-3,R
EA6,NO2,31/01/2020 00:00,45.3,ug m-3,R
EA6,NO2,01/02/2020 00:00,41.1,ug m-3,R
EA6,NO2,02/02/2020 00:00,42.2,ug m-3,R
EA6,NO2,03/02/2020 00:00,50.6,ug m-3,R
EA6,NO2,04/02/2020 00:00,57.3,ug m-3,R
EA6,NO2,05/02/2020 00:00,95.2,ug m-3,R
EA6,NO2,06/02/2020 00:00,92.1,ug m-3,R
EA6,NO2,07/02/2020 00:00,72.4,ug m-3,R
EA6,NO2,08/02/2020 00:00,55.8,ug m-3,R
EA6,NO2,09/02/2020 00:00,17.2,ug m-3,R
EA6,NO2,10/02/2020 00:00,35.2,ug m-3,R
EA6,NO2,11/02/2020 00:00,38.9,ug m-3,R
EA6,NO2,12/02/2020 00:00,63.3,ug m-3,R
EA6,NO2,13/02/2020 00:00,66.9,ug m-3,R
EA6,NO2,14/02/2020 00:00,73,ug m-3,R
EA6,NO2,15/02/2020 00:00,32.3,ug m-3,R
EA6,NO2,16/02/2020 00:00,26.2,ug m-3,R
EA6,NO2,17/02/2020 00:00,36.9,ug m-3,R
EA6,NO2,18/02/2020 00:00,45.5,ug m-3,R
EA6,NO2,19/02/2020 00:00,64.7,ug m-3,R
EA6,NO2,20/02/2020 00:00,52,ug m-3,R
EA6,NO2,21/02/2020 00:00,38.1,ug m-3,R
EA6,NO2,22/02/2020 00:00,28.3,ug m-3,R
EA6,NO2,23/02/2020 00:00,46.4,ug m-3,R
EA6,NO2,24/02/2020 00:00,43.6,ug m-3,R
EA6,NO2,25/02/2020 00:00,50.9,ug m-3,R
EA6,NO2,26/02/2020 00:00,66.1,ug m-3,R
EA6,NO2,27/02/2020 00:00,62.9,ug m-3,R
EA6,NO2,28/02/2020 00:00,66.6,ug m-3,R
EA6,NO2,29/02/2020 00:00,36,ug m-3,R
EA6,NO2,01/03/2020 00:00,40.5,ug m-3,R
EA6,NO2,02/03/2020 00:00,65.1,ug m-3,R
EA6,NO2,03/03/2020 00:00,84,ug m-3,R
EA6,NO2,04/03/2020 00:00,70.5,ug m-3,R
EA6,NO2,05/03/2020 00:00,31,ug m-3,R
EA6,NO2,06/03/2020 00:00,91.8,ug m-3,R
EA6,NO2,07/03/2020 00:00,63.7,ug m-3,R
EA6,NO2,08/03/2020 00:00,40.4,ug m-3,R
EA6,NO2,09/03/2020 00:00,57,ug m-3,R
EA6,NO2,10/03/2020 00:00,34.4,ug m-3,R
EA6,NO2,11/03/2020 00:00,45,ug m-3,R
EA6,NO2,12/03/2020 00:00,36.7,ug m-3,R
EA6,NO2,13/03/2020 00:00,69.4,ug m-3,R
EA6,NO2,14/03/2020 00:00,61.6,ug m-3,R
EA6,NO2,15/03/2020 00:00,58.3,ug m-3,R
EA6,NO2,16/03/2020 00:00,83,ug m-3,R
EA6,NO2,17/03/2020 00:00,58.9,ug m-3,R
EA6,NO2,18/03/2020 00:00,60.3,ug m-3,R
EA6,NO2,19/03/2020 00:00,30.8,ug m-3,R
EA6,NO2,20/03/2020 00:00,15.9,ug m-3,R
EA6,NO2,21/03/2020 00:00,14.1,ug m-3,R
EA6,NO2,22/03/2020 00:00,17,ug m-3,R
EA6,NO2,23/03/2020 00:00,45.4,ug m-3,R
EA6,NO2,24/03/2020 00:00,78.6,ug m-3,R
EA6,NO2,25/03/2020 00:00,59.4,ug m-3,R
EA6,NO2,26/03/2020 00:00,31.6,ug m-3,R
EA6,NO2,27/03/2020 00:00,21.1,ug m-3,R
EA6,NO2,28/03/2020 00:00,14.5,ug m-3,R
EA6,NO2,29/03/2020 00:00,13.1,ug m-3,R
EA6,NO2,30/03/2020 00:00,22.5,ug m-3,R
EA6,NO2,31/03/2020 00:00,23,ug m-3,R
EA6,NO2,01/04/2020 00:00,72.3,ug m-3,R
EA6,NO2,02/04/2020 00:00,57,ug m-3,R
EA6,NO2,03/04/2020 00:00,78.2,ug m-3,R
EA6,NO2,04/04/2020 00:00,57.4,ug m-3,R
EA6,NO2,05/04/2020 00:00,36.9,ug m-3,R
EA6,NO2,06/04/2020 00:00,65.3,ug m-3,R
EA6,NO2,07/04/2020 00:00,56,ug m-3,R
EA6,NO2,08/04/2020 00:00,49.3,ug m-3,R
EA6,NO2,09/04/2020 00:00,42.7,ug m-3,R
EA6,NO2,10/04/2020 00:00,35.4,ug m-3,R
EA6,NO2,11/04/2020 00:00,68.1,ug m-3,R
EA6,NO2,12/04/2020 00:00,38.6,ug m-3,R
EA6,NO2,13/04/2020 00:00,8.7,ug m-3,R
EA6,NO2,14/04/2020 00:00,28.3,ug m-3,R
EA6,NO2,15/04/2020 00:00,60.7,ug m-3,R
EA6,NO2,16/04/2020 00:00,51.7,ug m-3,R
EA6,NO2,17/04/2020 00:00,15.6,ug m-3,R
EA6,NO2,18/04/2020 00:00,23.5,ug m-3,R
EA6,NO2,19/04/2020 00:00,15.8,ug m-3,R
EA6,NO2,20/04/2020 00:00,15,ug m-3,R
EA6,NO2,21/04/2020 00:00,17.4,ug m-3,R
EA6,NO2,22/04/2020 00:00,21.4,ug m-3,R
EA6,NO2,23/04/2020 00:00,31.4,ug m-3,R
EA6,NO2,24/04/2020 00:00,34.5,ug m-3,R
EA6,NO2,25/04/2020 00:00,23.3,ug m-3,R
EA6,NO2,26/04/2020 00:00,52.8,ug m-3,R
EA6,NO2,27/04/2020 00:00,52,ug m-3,R
EA6,NO2,28/04/2020 00:00,19,ug m-3,R
EA6,NO2,29/04/2020 00:00,54,ug m-3,R
EA6,NO2,30/04/2020 00:00,51.4,ug m-3,R
EA6,NO2,01/05/2020 00:00,40.6,ug m-3,R
EA6,NO2,02/05/2020 00:00,47.2,ug m-3,R
EA6,NO2,03/05/2020 00:00,35.6,ug m-3,R
EA6,NO2,04/05/2020 00:00,9.7,ug m-3,R
EA6,NO2,05/05/2020 00:00,2.6,ug m-3,R
EA6,NO2,06/05/2020 00:00,16.9,ug m-3,R
EA6,NO2,07/05/2020 00:00,73.1,ug m-3,R
EA6,NO2,08/05/2020 00:00,73.1,ug m-3,R
EA6,NO2,09/05/2020 00:00,33.4,ug m-3,R
EA6,NO2,10/05/2020 00:00,6.8,ug m-3,R
EA6,NO2,11/05/2020 00:00,8.1,ug m-3,R
EA6,NO2,12/05/2020 00:00,43.7,ug m-3,R
EA6,NO2,13/05/2020 00:00,12.4,ug m-3,R
EA6,NO2,14/05/2020 00:00,16,ug m-3,R
EA6,NO2,15/05/2020 00:00,62.2,ug m-3,R
EA6,NO2,16/05/2020 00:00,64.9,ug m-3,R
EA6,NO2,17/05/2020 00:00,46.6,ug m-3,R
EA6,NO2,18/05/2020 00:00,54.9,ug m-3,R
EA6,NO2,19/05/2020 00:00,63.3,ug m-3,R
EA6,NO2,20/05/2020 00:00,86.7,ug m-3,R
EA6,NO2,21/05/2020 00:00,80.4,ug m-3,R
EA6,NO2,22/05/2020 00:00,36.8,ug m-3,R
EA6,NO2,23/05/2020 00:00,21.6,ug m-3,R
EA6,NO2,24/05/2020 00:00,36.6,ug m-3,R
EA6,NO2,25/05/2020 00:00,63.9,ug m-3,R
EA6,NO2,26/05/2020 00:00,64.7,ug m-3,R
EA6,NO2,27/05/2020 00:00,39.2,ug m-3,R
EA6,NO2,28/05/2020 00:00,22.7,ug m-3,R
EA6,NO2,29/05/2020 00:00,31.1,ug m-3,R
EA6,NO2,30/05/2020 00:00,27.8,ug m-3,R
EA6,NO2,31/05/2020 00:00,24.3,ug m-3,R
EA6,NO2,01/06/2020 00:00,29.2,ug m-3,R
EA6,NO2,02/06/2020 00:00,55.2,ug m-3,R
EA6,NO2,03/06/2020 00:00,50.9,ug m-3,R
EA6,NO2,04/06/2020 00:00,42.4,ug m-3,R
EA6,NO2,05/06/2020 00:00,49.9,ug m-3,R
EA6,NO2,06/06/2020 00:00,45.6,ug m-3,R
EA6,NO2,07/06/2020 00:00,40.8,ug m-3,R
EA6,NO2,08/06/2020 00:00,35.4,ug m-3,R
EA6,NO2,09/06/2020 00:00,59.3,ug m-3,R
EA6,NO2,10/06/2020 00:00,73.2,ug m-3,R
EA6,NO2,11/06/2020 00:00,26.1,ug m-3,R
EA6,NO2,12/06/2020 00:00,25.1,ug m-3,R
EA6,NO2,13/06/2020 00:00,41.7,ug m-3,R
EA6,NO2,14/06/2020 00:00,61.2,ug m-3,R
EA6,NO2,15/06/2020 00:00,75.6,ug m-3,R
EA6,NO2,16/06/2020 00:00,79.8,ug m-3,R
EA6,NO2,17/06/2020 00:00,66.2,ug m-3,R
EA6,NO2,18/06/2020 00:00,73.4,ug m-3,R
EA6,NO2,19/06/2020 00:00,55,ug m-3,R
EA6,NO2,20/06/2020 00:00,59.6,ug m-3,R
EA6,NO2,21/06/2020 00:00,36.7,ug m-3,R
EA6,NO2,22/06/2020 00:00,59.5,ug m-3,R
EA6,NO2,23/06/2020 00:00,83,ug m-3,R
EA6,NO2,24/06/2020 00:00,41.5,ug m-3,R
EA6,NO2,25/06/2020 00:00,35.6,ug m-3,R
EA6,NO2,26/06/2020 00:00,86.8,ug m-3,R
EA6,NO2,27/06/2020 00:00,38.4,ug m-3,R
EA6,NO2,28/06/2020 00:00,22.6,ug m-3,R
EA6,NO2,29/06/2020 00:00,31.4,ug m-3,R
EA6,NO2,30/06/2020 00:00,42.9,ug m-3,R
EA6,NO2,01/07/2020 00:00,38.4,ug m-3,R
EA6,NO2,02/07/2020 00:00,49.1,ug m-3,R
EA6,NO2,03/07/2020 00:00,36.3,ug m-3,R
EA6,NO2,04/07/2020 00:00,25.1,ug m-3,R
EA6,NO2,05/07/2020 00:00,18.1,ug m-3,R
EA6,NO2,06/07/2020 00:00,40,ug m-3,R
EA6,NO2,07/07/2020 00:00,56,ug m-3,R
EA6,NO2,08/07/2020 00:00,39.7,ug m-3,R
EA6,NO2,09/07/2020 00:00,32.6,ug m-3,R
EA6,NO2,10/07/2020 00:00,45.1,ug m-3,R
EA6,NO2,11/07/2020 00:00,48.1,ug m-3,R
EA6,NO2,12/07/2020 00:00,59.8,ug m-3,R
EA6,NO2,13/07/2020 00:00,60.5,ug m-3,R
EA6,NO2,14/07/2020 00:00,43,ug m-3,R
EA6,NO2,15/07/2020 00:00,50.8,ug m-3,R
EA6,NO2,16/07/2020 00:00,40.1,ug m-3,R
EA6,NO2,17/07/2020 00:00,56,ug m-3,R
EA6,NO2,18/07/2020 00:00,42.9,ug m-3,R
EA6,NO2,19/07/2020 00:00,24,ug m-3,R
EA6,NO2,20/07/2020 00:00,33.1,ug m-3,R
EA6,NO2,21/07/2020 00:00,41.1,ug m-3,R
EA6,NO2,22/07/2020 00:00,75.5,ug m-3,R
EA6,NO2,23/07/2020 00:00,62,ug m-3,R
EA6,NO2,24/07/2020 00:00,50.1,ug m-3,R
EA6,NO2,25/07/2020 00:00,43.3,ug m-3,R
EA6,NO2,26/07/2020 00:00,38.1,ug m-3,R
EA6,NO2,27/07/2020 00:00,42.4,ug m-3,R
EA6,NO2,28/07/2020 00:00,45.4,ug m-3,R
EA6,NO2,29/07/2020 00:00,65.2,ug m-3,R
EA6,NO2,30/07/2020 00:00,85.2,ug m-3,R
EA6,NO2,31/07/2020 00:00,76.3,ug m-3,R
EA6,NO2,01/08/2020 00:00,41.2,ug m-3,R
EA6,NO2,02/08/2020 00:00,38.5,ug m-3,R
EA6,NO2,03/08/2020 00:00,40.5,ug m-3,R
EA6,NO2,04/08/2020 00:00,65,ug m-3,R
EA6,NO2,05/08/2020 00:00,49.3,ug m-3,R
EA6,NO2,06/08/2020 00:00,71.9,ug m-3,R
EA6,NO2,07/08/2020 00:00,119,ug m-3,R
EA6,NO2,08/08/2020 00:00,40.8,ug m-3,R
EA6,NO2,09/08/2020 00:00,18.3,ug m-3,R
EA6,NO2,10/08/2020 00:00,38.9,ug m-3,R
EA6,NO2,11/08/2020 00:00,53,ug m-3,R
EA6,NO2,12/08/2020 00:00,76.5,ug m-3,R
EA6,NO2,13/08/2020 00:00,33,ug m-3,R
EA6,NO2,14/08/2020 00:00,39.7,ug m-3,R
EA6,NO2,15/08/2020 00:00,36.1,ug m-3,R
EA6,NO2,16/08/2020 00:00,59.3,ug m-3,R
EA6,NO2,17/08/2020 00:00,71.6,ug m-3,R
EA6,NO2,18/08/2020 00:00,56,ug m-3,R
EA6,NO2,19/08/2020 00:00,45.8,ug m-3,R
EA6,NO2,20/08/2020 00:00,59.9,ug m-3,R
EA6,NO2,21/08/2020 00:00,31.5,ug m-3,R
EA6,NO2,22/08/2020 00:00,28,ug m-3,R
EA6,NO2,23/08/2020 00:00,31.9,ug m-3,R
EA6,NO2,24/08/2020 00:00,58.8,ug m-3,R
EA6,NO2,25/08/2020 00:00,35.6,ug m-3,R
EA6,NO2,26/08/2020 00:00,46.9,ug m-3,R
EA6,NO2,27/08/2020 00:00,57,ug m-3,R
EA6,NO2,28/08/2020 00:00,44.3,ug m-3,R
EA6,NO2,29/08/2020 00:00,24.3,ug m-3,R
EA6,NO2,30/08/2020 00:00,19.3,ug m-3,R
EA6,NO2,31/08/2020 00:00,61,ug m-3,R
EA6,NO2,01/09/2020 00:00,78.4,ug m-3,R
EA6,NO2,02/09/2020 00:00,81.9,ug m-3,R
EA6,NO2,03/09/2020 00:00,42,ug m-3,R
EA6,NO2,04/09/2020 00:00,56.6,ug m-3,R
EA6,NO2,05/09/2020 00:00,59,ug m-3,R
EA6,NO2,06/09/2020 00:00,60.9,ug m-3,R
EA6,NO2,07/09/2020 00:00,54.1,ug m-3,R
EA6,NO2,08/09/2020 00:00,45.6,ug m-3,R
EA6,NO2,09/09/2020 00:00,46.4,ug m-3,R
EA6,NO2,10/09/2020 00:00,50.5,ug m-3,R
EA6,NO2,11/09/2020 00:00,66.7,ug m-3,R
EA6,NO2,12/09/2020 00:00,50.3,ug m-3,R
EA6,NO2,13/09/2020 00:00,51.7,ug m-3,R
EA6,NO2,14/09/2020 00:00,55.3,ug m-3,R
EA6,NO2,15/09/2020 00:00,86.8,ug m-3,R
EA6,NO2,16/09/2020 00:00,31.8,ug m-3,R
EA6,NO2,17/09/2020 00:00,19.5,ug m-3,R
EA6,NO2,18/09/2020 00:00,22,ug m-3,R
EA6,NO2,19/09/2020 00:00,17.8,ug m-3,R
EA6,NO2,20/09/2020 00:00,17,ug m-3,R
EA6,NO2,21/09/2020 00:00,67.3,ug m-3,R
EA6,NO2,22/09/2020 00:00,77.1,ug m-3,R
EA6,NO2,23/09/2020 00:00,61.4,ug m-3,R
EA6,NO2,24/09/2020 00:00,66.2,ug m-3,R
EA6,NO2,25/09/2020 00:00,37.1,ug m-3,R
EA6,NO2,26/09/2020 00:00,30.8,ug m-3,R
EA6,NO2,27/09/2020 00:00,21.8,ug m-3,R
EA6,NO2,28/09/2020 00:00,61.8,ug m-3,R
EA6,NO2,29/09/2020 00:00,63.9,ug m-3,R
EA6,NO2,30/09/2020 00:00,68.4,ug m-3,R
EA6,NO2,01/10/2020 00:00,64.5,ug m-3,R
EA6,NO2,02/10/2020 00:00,25.8,ug m-3,R
EA6,NO2,03/10/2020 00:00,57.6,ug m-3,R
EA6,NO2,04/10/2020 00:00,38,ug m-3,R
EA6,NO2,05/10/2020 00:00,49.9,ug m-3,R
EA6,NO2,06/10/2020 00:00,44.9,ug m-3,R
EA6,NO2,07/10/2020 00:00,57.2,ug m-3,R
EA6,NO2,08/10/2020 00:00,47.6,ug m-3,R
EA6,NO2,09/10/2020 00:00,67.9,ug m-3,R
EA6,NO2,10/10/2020 00:00,56,ug m-3,R
EA6,NO2,11/10/2020 00:00,48.6,ug m-3,R
EA6,NO2,12/10/2020 00:00,71.9,ug m-3,R
EA6,NO2,13/10/2020 00:00,49,ug m-3,R
EA6,NO2,14/10/2020 00:00,32.2,ug m-3,R
EA6,NO2,15/10/2020 00:00,32.6,ug m-3,R
EA6,NO2,16/10/2020 00:00,38.9,ug m-3,R
EA6,NO2,17/10/2020 00:00,44,ug m-3,R
EA6,NO2,18/10/2020 00:00,67.5,ug m-3,R
EA6,NO2,19/10/2020 00:00,67.6,ug m-3,R
EA6,NO2,20/10/2020 00:00,64.5,ug m-3,R
EA6,NO2,21/10/2020 00:00,48.4,ug m-3,R
EA6,NO2,22/10/2020 00:00,64.5,ug m-3,R
EA6,NO2,23/10/2020 00:00,65.2,ug m-3,R
EA6,NO2,24/10/2020 00:00,51.6,ug m-3,R
EA6,NO2,25/10/2020 00:00,55.7,ug m-3,R
EA6,NO2,26/10/2020 00:00,61.3,ug m-3,R
EA6,NO2,27/10/2020 00:00,64.1,ug m-3,R
EA6,NO2,28/10/2020 00:00,51.9,ug m-3,R
EA6,NO2,29/10/2020 00:00,50.4,ug m-3,R
EA6,NO2,30/10/2020 00:00,47.7,ug m-3,R
EA6,NO2,31/10/2020 00:00,47,ug m-3,R
EA6,NO2,01/11/2020 00:00,30.2,ug m-3,R
EA6,NO2,02/11/2020 00:00,32.4,ug m-3,R
EA6,NO2,03/11/2020 00:00,68.1,ug m-3,R
EA6,NO2,04/11/2020 00:00,89,ug m-3,R
EA6,NO2,05/11/2020 00:00,83.4,ug m-3,R
EA6,NO2,06/11/2020 00:00,61.6,ug m-3,R
EA6,NO2,07/11/2020 00:00,54,ug m-3,R
EA6,NO2,08/11/2020 00:00,50.7,ug m-3,R
EA6,NO2,09/11/2020 00:00,53.1,ug m-3,R
EA6,NO2,10/11/2020 00:00,68,ug m-3,R
EA6,NO2,11/11/2020 00:00,61.4,ug m-3,R
EA6,NO2,12/11/2020 00:00,58.4,ug m-3,R
EA6,NO2,13/11/2020 00:00,74.2,ug m-3,R
EA6,NO2,14/11/2020 00:00,49,ug m-3,R
EA6,NO2,15/11/2020 00:00,29.1,ug m-3,R
EA6,NO2,16/11/2020 00:00,46.7,ug m-3,R
EA6,NO2,17/11/2020 00:00,45.3,ug m-3,R
EA6,NO2,18/11/2020 00:00,49.7,ug m-3,R
EA6,NO2,19/11/2020 00:00,56.4,ug m-3,R
EA6,NO2,20/11/2020 00:00,78.5,ug m-3,R
EA6,NO2,21/11/2020 00:00,34,ug m-3,R
EA6,NO2,22/11/2020 00:00,63.4,ug m-3,R
EA6,NO2,23/11/2020 00:00,83.4,ug m-3,R
EA6,NO2,24/11/2020 00:00,76.1,ug m-3,R
EA6,NO2,25/11/2020 00:00,72.1,ug m-3,R
EA6,NO2,26/11/2020 00:00,61.9,ug m-3,R
EA6,NO2,27/11/2020 00:00,72.3,ug m-3,R
EA6,NO2,28/11/2020 00:00,53.9,ug m-3,R
EA6,NO2,29/11/2020 00:00,48.9,ug m-3,R
EA6,NO2,30/11/2020 00:00,47.9,ug m-3,R
EA6,NO2,01/12/2020 00:00,62.1,ug m-3,R
EA6,NO2,02/12/2020 00:00,79.3,ug m-3,R
EA6,NO2,03/12/2020 00:00,82.8,ug m-3,R
EA6,NO2,04/12/2020 00:00,62.6,ug m-3,R
EA6,NO2,05/12/2020 00:00,39,ug m-3,R
EA6,NO2,06/12/2020 00:00,42.4,ug m-3,R
EA6,NO2,07/12/2020 00:00,58.3,ug m-3,R
EA6,NO2,08/12/2020 00:00,77.2,ug m-3,R
EA6,NO2,09/12/2020 00:00,70.5,ug m-3,R
EA6,NO2,10/12/2020 00:00,48.2,ug m-3,R
EA6,NO2,11/12/2020 00:00,82.4,ug m-3,R
EA6,NO2,12/12/2020 00:00,60.4,ug m-3,R
EA6,NO2,13/12/2020 00:00,54.4,ug m-3,R
EA6,NO2,14/12/2020 00:00,70.8,ug m-3,R
EA6,NO2,15/12/2020 00:00,77.4,ug m-3,R
EA6,NO2,16/12/2020 00:00,75.2,ug m-3,R
EA6,NO2,17/12/2020 00:00,63.3,ug m-3,R
EA6,NO2,18/12/2020 00:00,49,ug m-3,R
EA6,NO2,19/12/2020 00:00,55.7,ug m-3,R
EA6,NO2,20/12/2020 00:00,48.1,ug m-3,R
EA6,NO2,21/12/2020 00:00,43.9,ug m-3,R
EA6,NO2,22/12/2020 00:00,49.3,ug m-3,R
EA6,NO2,23/12/2020 00:00,60.7,ug m-3,R
EA6,NO2,24/12/2020 00:00,25.4,ug m-3,R
EA6,NO2,25/12/2020 00:00,39,ug m-3,R
EA6,NO2,26/12/2020 00:00,21.5,ug m-3,R
EA6,NO2,27/12/2020 00:00,38.6,ug m-3,R
EA6,NO2,28/12/2020 00:00,48.6,ug m-3,R
EA6,NO2,29/12/2020 00:00,51.7,ug m-3,R
EA6,NO2,30/12/2020 00:00,74.9,ug m-3,R
EA6,NO2,31/12/2020 00:00,61.9,ug m-3,R
EA6,NOX,01/01/2020 00:00,205.8,ug m-3 as NO2,R
EA6,NOX,02/01/2020 00:00,228.2,ug m-3 as NO2,R
EA6,NOX,03/01/2020 00:00,231.2,ug m-3 as NO2,R
EA6,NOX,04/01/2020 00:00,261,ug m-3 as NO2,R
EA6,NOX,05/01/2020 00:00,160.3,ug m-3 as NO2,R
EA6,NOX,06/01/2020 00:00,244.2,ug m-3 as NO2,R
EA6,NOX,07/01/2020 00:00,229.8,ug m-3 as NO2,R
EA6,NOX,08/01/2020 00:00,247.60001,ug m-3 as NO2,R
EA6,NOX,09/01/2020 00:00,186,ug m-3 as NO2,R
EA6,NOX,10/01/2020 00:00,292.10001,ug m-3 as NO2,R
EA6,NOX,11/01/2020 00:00,129.5,ug m-3 as NO2,R
EA6,NOX,12/01/2020 00:00,131.39999,ug m-3 as NO2,R
EA6,NOX,13/01/2020 00:00,231.3,ug m-3 as NO2,R
EA6,NOX,14/01/2020 00:00,183.7,ug m-3 as NO2,R
EA6,NOX,15/01/2020 00:00,248.5,ug m-3 as NO2,R
EA6,NOX,16/01/2020 00:00,228.7,ug m-3 as NO2,R
EA6,NOX,17/01/2020 00:00,241.39999,ug m-3 as NO2,R
EA6,NOX,18/01/2020 00:00,347.60001,ug m-3 as NO2,R
EA6,NOX,19/01/2020 00:00,368.39999,ug m-3 as NO2,R
EA6,NOX,20/01/2020 00:00,596.20001,ug m-3 as NO2,R
EA6,NOX,21/01/2020 00:00,679.29999,ug m-3 as NO2,R
EA6,NOX,22/01/2020 00:00,280.89999,ug m-3 as NO2,R
EA6,NOX,23/01/2020 00:00,120,ug m-3 as NO2,R
EA6,NOX,24/01/2020 00:00,359.39999,ug m-3 as NO2,R
EA6,NOX,25/01/2020 00:00,276.60001,ug m-3 as NO2,R
EA6,NOX,26/01/2020 00:00,185.89999,ug m-3 as NO2,R
EA6,NOX,27/01/2020 00:00,297.89999,ug m-3 as NO2,R
EA6,NOX,28/01/2020 00:00,195.2,ug m-3 as NO2,R
EA6,NOX,29/01/2020 00:00,210.3,ug m-3 as NO2,R
EA6,NOX,30/01/2020 00:00,252.10001,ug m-3 as NO2,R
EA6,NOX,31/01/2020 00:00,145.39999,ug m-3 as NO2,R
EA6,NOX,01/02/2020 00:00,110.2,ug m-3 as NO2,R
EA6,NOX,02/02/2020 00:00,103.1,ug m-3 as NO2,R
EA6,NOX,03/02/2020 00:00,164.2,ug m-3 as NO2,R
EA6,NOX,04/02/2020 00:00,187.39999,ug m-3 as NO2,R
EA6,NOX,05/02/2020 00:00,411.29999,ug m-3 as NO2,R
EA6,NOX,06/02/2020 00:00,407.79999,ug m-3 as NO2,R
EA6,NOX,07/02/2020 00:00,259,ug m-3 as NO2,R
EA6,NOX,08/02/2020 00:00,170.2,ug m-3 as NO2,R
EA6,NOX,09/02/2020 00:00,37.3,ug m-3 as NO2,R
EA6,NOX,10/02/2020 00:00,103.2,ug m-3 as NO2,R
EA6,NOX,11/02/2020 00:00,119.4,ug m-3 as NO2,R
EA6,NOX,12/02/2020 00:00,220.7,ug m-3 as NO2,R
EA6,NOX,13/02/2020 00:00,227.2,ug m-3 as NO2,R
EA6,NOX,14/02/2020 00:00,277.5,ug m-3 as NO2,R
EA6,NOX,15/02/2020 00:00,90.3,ug m-3 as NO2,R
EA6,NOX,16/02/2020 00:00,58.6,ug m-3 as NO2,R
EA6,NOX,17/02/2020 00:00,114.2,ug m-3 as NO2,R
EA6,NOX,18/02/2020 00:00,142.10001,ug m-3 as NO2,R
EA6,NOX,19/02/2020 00:00,246.39999,ug m-3 as NO2,R
EA6,NOX,20/02/2020 00:00,167.39999,ug m-3 as NO2,R
EA6,NOX,21/02/2020 00:00,108.4,ug m-3 as NO2,R
EA6,NOX,22/02/2020 00:00,77.2,ug m-3 as NO2,R
EA6,NOX,23/02/2020 00:00,155.7,ug m-3 as NO2,R
EA6,NOX,24/02/2020 00:00,126.4,ug m-3 as NO2,R
EA6,NOX,25/02/2020 00:00,160.89999,ug m-3 as NO2,R
EA6,NOX,26/02/2020 00:00,239.89999,ug m-3 as NO2,R
EA6,NOX,27/02/2020 00:00,187,ug m-3 as NO2,R
EA6,NOX,28/02/2020 00:00,213.7,ug m-3 as NO2,R
EA6,NOX,29/02/2020 00:00,97.2,ug m-3 as NO2,R
EA6,NOX,01/03/2020 00:00,119.9,ug m-3 as NO2,R
EA6,NOX,02/03/2020 00:00,194.2,ug m-3 as NO2,R
EA6,NOX,03/03/2020 00:00,324.60001,ug m-3 as NO2,R
EA6,NOX,04/03/2020 00:00,215.7,ug m-3 as NO2,R
EA6,NOX,05/03/2020 00:00,47.9,ug m-3 as NO2,R
EA6,NOX,06/03/2020 00:00,365.39999,ug m-3 as NO2,R
EA6,NOX,07/03/2020 00:00,208.8,ug m-3 as NO2,R
EA6,NOX,08/03/2020 00:00,101.5,ug m-3 as NO2,R
EA6,NOX,09/03/2020 00:00,193.89999,ug m-3 as NO2,R
EA6,NOX,10/03/2020 00:00,115.6,ug m-3 as NO2,R
EA6,NOX,11/03/2020 00:00,140.3,ug m-3 as NO2,R
EA6,NOX,12/03/2020 00:00,112.9,ug m-3 as NO2,R
EA6,NOX,13/03/2020 00:00,246.5,ug m-3 as NO2,R
EA6,NOX,14/03/2020 00:00,184.3,ug m-3 as NO2,R
EA6,NOX,15/03/2020 00:00,166,ug m-3 as NO2,R
EA6,NOX,16/03/2020 00:00,305.29999,ug m-3 as NO2,R
EA6,NOX,17/03/2020 00:00,187.2,ug m-3 as NO2,R
EA6,NOX,18/03/2020 00:00,197.60001,ug m-3 as NO2,R
EA6,NOX,19/03/2020 00:00,38,ug m-3 as NO2,R
EA6,NOX,20/03/2020 00:00,20.7,ug m-3 as NO2,R
EA6,NOX,21/03/2020 00:00,18.6,ug m-3 as NO2,R
EA6,NOX,22/03/2020 00:00,20.2,ug m-3 as NO2,R
EA6,NOX,23/03/2020 00:00,63.2,ug m-3 as NO2,R
EA6,NOX,24/03/2020 00:00,185.10001,ug m-3 as NO2,R
EA6,NOX,25/03/2020 00:00,114.2,ug m-3 as NO2,R
EA6,NOX,26/03/2020 00:00,37.7,ug m-3 as NO2,R
EA6,NOX,27/03/2020 00:00,27.1,ug m-3 as NO2,R
EA6,NOX,28/03/2020 00:00,18,ug m-3 as NO2,R
EA6,NOX,29/03/2020 00:00,16.1,ug m-3 as NO2,R
EA6,NOX,30/03/2020 00:00,34.8,ug m-3 as NO2,R
EA6,NOX,31/03/2020 00:00,28.9,ug m-3 as NO2,R
EA6,NOX,01/04/2020 00:00,205.8,ug m-3 as NO2,R
EA6,NOX,02/04/2020 00:00,165.7,ug m-3 as NO2,R
EA6,NOX,03/04/2020 00:00,243.7,ug m-3 as NO2,R
EA6,NOX,04/04/2020 00:00,157.5,ug m-3 as NO2,R
EA6,NOX,05/04/2020 00:00,69.7,ug m-3 as NO2,R
EA6,NOX,06/04/2020 00:00,178.8,ug m-3 as NO2,R
EA6,NOX,07/04/2020 00:00,126.4,ug m-3 as NO2,R
EA6,NOX,08/04/2020 00:00,58.5,ug m-3 as NO2,R
EA6,NOX,09/04/2020 00:00,53.6,ug m-3 as NO2,R
EA6,NOX,10/04/2020 00:00,41.8,ug m-3 as NO2,R
EA6,NOX,11/04/2020 00:00,120,ug m-3 as NO2,R
EA6,NOX,12/04/2020 00:00,69.3,ug m-3 as NO2,R
EA6,NOX,13/04/2020 00:00,11.5,ug m-3 as NO2,R
EA6,NOX,14/04/2020 00:00,45.8,ug m-3 as NO2,R
EA6,NOX,15/04/2020 00:00,129.89999,ug m-3 as NO2,R
EA6,NOX,16/04/2020 00:00,74,ug m-3 as NO2,R
EA6,NOX,17/04/2020 00:00,19.5,ug m-3 as NO2,R
EA6,NOX,18/04/2020 00:00,32.6,ug m-3 as NO2,R
EA6,NOX,19/04/2020 00:00,20.4,ug m-3 as NO2,R
EA6,NOX,20/04/2020 00:00,18.6,ug m-3 as NO2,R
EA6,NOX,21/04/2020 00:00,21,ug m-3 as NO2,R
EA6,NOX,22/04/2020 00:00,26.3,ug m-3 as NO2,R
EA6,NOX,23/04/2020 00:00,42.4,ug m-3 as NO2,R
EA6,NOX,24/04/2020 00:00,51.6,ug m-3 as NO2,R
EA6,NOX,25/04/2020 00:00,35.3,ug m-3 as NO2,R
EA6,NOX,26/04/2020 00:00,109.6,ug m-3 as NO2,R
EA6,NOX,27/04/2020 00:00,150.89999,ug m-3 as NO2,R
EA6,NOX,28/04/2020 00:00,23.1,ug m-3 as NO2,R
EA6,NOX,29/04/2020 00:00,177.5,ug m-3 as NO2,R
EA6,NOX,30/04/2020 00:00,158.7,ug m-3 as NO2,R
EA6,NOX,01/05/2020 00:00,114.5,ug m-3 as NO2,R
EA6,NOX,02/05/2020 00:00,113.3,ug m-3 as NO2,R
EA6,NOX,03/05/2020 00:00,73.6,ug m-3 as NO2,R
EA6,NOX,04/05/2020 00:00,13.8,ug m-3 as NO2,R
EA6,NOX,05/05/2020 00:00,5.3,ug m-3 as NO2,R
EA6,NOX,06/05/2020 00:00,26.7,ug m-3 as NO2,R
EA6,NOX,07/05/2020 00:00,156.89999,ug m-3 as NO2,R
EA6,NOX,08/05/2020 00:00,149.60001,ug m-3 as NO2,R
EA6,NOX,09/05/2020 00:00,46.5,ug m-3 as NO2,R
EA6,NOX,10/05/2020 00:00,9.4,ug m-3 as NO2,R
EA6,NOX,11/05/2020 00:00,12.6,ug m-3 as NO2,R
EA6,NOX,12/05/2020 00:00,114.1,ug m-3 as NO2,R
EA6,NOX,13/05/2020 00:00,18.3,ug m-3 as NO2,R
EA6,NOX,14/05/2020 00:00,23.3,ug m-3 as NO2,R
EA6,NOX,15/05/2020 00:00,174,ug m-3 as NO2,R
EA6,NOX,16/05/2020 00:00,166.8,ug m-3 as NO2,R
EA6,NOX,17/05/2020 00:00,117.6,ug m-3 as NO2,R
EA6,NOX,18/05/2020 00:00,157.10001,ug m-3 as NO2,R
EA6,NOX,19/05/2020 00:00,184.60001,ug m-3 as NO2,R
EA6,NOX,20/05/2020 00:00,250.3,ug m-3 as NO2,R
EA6,NOX,21/05/2020 00:00,203,ug m-3 as NO2,R
EA6,NOX,22/05/2020 00:00,95.4,ug m-3 as NO2,R
EA6,NOX,23/05/2020 00:00,59.4,ug m-3 as NO2,R
EA6,NOX,24/05/2020 00:00,91.8,ug m-3 as NO2,R
EA6,NOX,25/05/2020 00:00,159.8,ug m-3 as NO2,R
EA6,NOX,26/05/2020 00:00,172.2,ug m-3 as NO2,R
EA6,NOX,27/05/2020 00:00,77.4,ug m-3 as NO2,R
EA6,NOX,28/05/2020 00:00,27.7,ug m-3 as NO2,R
EA6,NOX,29/05/2020 00:00,43.3,ug m-3 as NO2,R
EA6,NOX,30/05/2020 00:00,36.1,ug m-3 as NO2,R
EA6,NOX,31/05/2020 00:00,30.5,ug m-3 as NO2,R
EA6,NOX,01/06/2020 00:00,39.2,ug m-3 as NO2,R
EA6,NOX,02/06/2020 00:00,109.4,ug m-3 as NO2,R
EA6,NOX,03/06/2020 00:00,101.6,ug m-3 as NO2,R
EA6,NOX,04/06/2020 00:00,117.5,ug m-3 as NO2,R
EA6,NOX,05/06/2020 00:00,162.8,ug m-3 as NO2,R
EA6,NOX,06/06/2020 00:00,148.60001,ug m-3 as NO2,R
EA6,NOX,07/06/2020 00:00,99.9,ug m-3 as NO2,R
EA6,NOX,08/06/2020 00:00,61,ug m-3 as NO2,R
EA6,NOX,09/06/2020 00:00,131.8,ug m-3 as NO2,R
EA6,NOX,10/06/2020 00:00,249.39999,ug m-3 as NO2,R
EA6,NOX,11/06/2020 00:00,31.9,ug m-3 as NO2,R
EA6,NOX,12/06/2020 00:00,29.1,ug m-3 as NO2,R
EA6,NOX,13/06/2020 00:00,94.3,ug m-3 as NO2,R
EA6,NOX,14/06/2020 00:00,151.7,ug m-3 as NO2,R
EA6,NOX,15/06/2020 00:00,238.89999,ug m-3 as NO2,R
EA6,NOX,16/06/2020 00:00,259.39999,ug m-3 as NO2,R
EA6,NOX,17/06/2020 00:00,195.10001,ug m-3 as NO2,R
EA6,NOX,18/06/2020 00:00,240.10001,ug m-3 as NO2,R
EA6,NOX,19/06/2020 00:00,182.8,ug m-3 as NO2,R
EA6,NOX,20/06/2020 00:00,202,ug m-3 as NO2,R
EA6,NOX,21/06/2020 00:00,100.7,ug m-3 as NO2,R
EA6,NOX,22/06/2020 00:00,205.89999,ug m-3 as NO2,R
EA6,NOX,23/06/2020 00:00,243.7,ug m-3 as NO2,R
EA6,NOX,24/06/2020 00:00,52.8,ug m-3 as NO2,R
EA6,NOX,25/06/2020 00:00,42.6,ug m-3 as NO2,R
EA6,NOX,26/06/2020 00:00,198.10001,ug m-3 as NO2,R
EA6,NOX,27/06/2020 00:00,118.6,ug m-3 as NO2,R
EA6,NOX,28/06/2020 00:00,53.8,ug m-3 as NO2,R
EA6,NOX,29/06/2020 00:00,99.7,ug m-3 as NO2,R
EA6,NOX,30/06/2020 00:00,161.60001,ug m-3 as NO2,R
EA6,NOX,01/07/2020 00:00,136.60001,ug m-3 as NO2,R
EA6,NOX,02/07/2020 00:00,171.39999,ug m-3 as NO2,R
EA6,NOX,03/07/2020 00:00,118.8,ug m-3 as NO2,R
EA6,NOX,04/07/2020 00:00,81.6,ug m-3 as NO2,R
EA6,NOX,05/07/2020 00:00,51.3,ug m-3 as NO2,R
EA6,NOX,06/07/2020 00:00,132.89999,ug m-3 as NO2,R
EA6,NOX,07/07/2020 00:00,188.7,ug m-3 as NO2,R
EA6,NOX,08/07/2020 00:00,175.10001,ug m-3 as NO2,R
EA6,NOX,09/07/2020 00:00,141.8,ug m-3 as NO2,R
EA6,NOX,10/07/2020 00:00,142.3,ug m-3 as NO2,R
EA6,NOX,11/07/2020 00:00,135.3,ug m-3 as NO2,R
EA6,NOX,12/07/2020 00:00,140.10001,ug m-3 as NO2,R
EA6,NOX,13/07/2020 00:00,193.5,ug m-3 as NO2,R
EA6,NOX,14/07/2020 00:00,133.2,ug m-3 as NO2,R
EA6,NOX,15/07/2020 00:00,206.10001,ug m-3 as NO2,R
EA6,NOX,16/07/2020 00:00,120.8,ug m-3 as NO2,R
EA6,NOX,17/07/2020 00:00,212.39999,ug m-3 as NO2,R
EA6,NOX,18/07/2020 00:00,151.10001,ug m-3 as NO2,R
EA6,NOX,19/07/2020 00:00,48.4,ug m-3 as NO2,R
EA6,NOX,20/07/2020 00:00,67.7,ug m-3 as NO2,R
EA6,NOX,21/07/2020 00:00,87.6,ug m-3 as NO2,R
EA6,NOX,22/07/2020 00:00,208.8,ug m-3 as NO2,R
EA6,NOX,23/07/2020 00:00,178.5,ug m-3 as NO2,R
EA6,NOX,24/07/2020 00:00,182.10001,ug m-3 as NO2,R
EA6,NOX,25/07/2020 00:00,150.3,ug m-3 as NO2,R
EA6,NOX,26/07/2020 00:00,138.60001,ug m-3 as NO2,R
EA6,NOX,27/07/2020 00:00,182,ug m-3 as NO2,R
EA6,NOX,28/07/2020 00:00,167.8,ug m-3 as NO2,R
EA6,NOX,29/07/2020 00:00,240.39999,ug m-3 as NO2,R
EA6,NOX,30/07/2020 00:00,267.70001,ug m-3 as NO2,R
EA6,NOX,31/07/2020 00:00,148,ug m-3 as NO2,R
EA6,NOX,01/08/2020 00:00,134.3,ug m-3 as NO2,R
EA6,NOX,02/08/2020 00:00,118.2,ug m-3 as NO2,R
EA6,NOX,03/08/2020 00:00,99.3,ug m-3 as NO2,R
EA6,NOX,04/08/2020 00:00,231.2,ug m-3 as NO2,R
EA6,NOX,05/08/2020 00:00,165.10001,ug m-3 as NO2,R
EA6,NOX,06/08/2020 00:00,261.29999,ug m-3 as NO2,R
EA6,NOX,07/08/2020 00:00,317.89999,ug m-3 as NO2,R
EA6,NOX,08/08/2020 00:00,68.6,ug m-3 as NO2,R
EA6,NOX,09/08/2020 00:00,21.4,ug m-3 as NO2,R
EA6,NOX,10/08/2020 00:00,59.6,ug m-3 as NO2,R
EA6,NOX,11/08/2020 00:00,66.7,ug m-3 as NO2,R
EA6,NOX,12/08/2020 00:00,123,ug m-3 as NO2,R
EA6,NOX,13/08/2020 00:00,42.5,ug m-3 as NO2,R
EA6,NOX,14/08/2020 00:00,83.1,ug m-3 as NO2,R
EA6,NOX,15/08/2020 00:00,79.5,ug m-3 as NO2,R
EA6,NOX,16/08/2020 00:00,135.39999,ug m-3 as NO2,R
EA6,NOX,17/08/2020 00:00,215.2,ug m-3 as NO2,R
EA6,NOX,18/08/2020 00:00,202,ug m-3 as NO2,R
EA6,NOX,19/08/2020 00:00,152.3,ug m-3 as NO2,R
EA6,NOX,20/08/2020 00:00,189.3,ug m-3 as NO2,R
EA6,NOX,21/08/2020 00:00,86.3,ug m-3 as NO2,R
EA6,NOX,22/08/2020 00:00,74.6,ug m-3 as NO2,R
EA6,NOX,23/08/2020 00:00,95.5,ug m-3 as NO2,R
EA6,NOX,24/08/2020 00:00,221.5,ug m-3 as NO2,R
EA6,NOX,25/08/2020 00:00,120,ug m-3 as NO2,R
EA6,NOX,26/08/2020 00:00,150.7,ug m-3 as NO2,R
EA6,NOX,27/08/2020 00:00,214.2,ug m-3 as NO2,R
EA6,NOX,28/08/2020 00:00,154.60001,ug m-3 as NO2,R
EA6,NOX,29/08/2020 00:00,55.8,ug m-3 as NO2,R
EA6,NOX,30/08/2020 00:00,29.1,ug m-3 as NO2,R
EA6,NOX,31/08/2020 00:00,179.5,ug m-3 as NO2,R
EA6,NOX,01/09/2020 00:00,264.10001,ug m-3 as NO2,R
EA6,NOX,02/09/2020 00:00,272.39999,ug m-3 as NO2,R
EA6,NOX,03/09/2020 00:00,143.60001,ug m-3 as NO2,R
EA6,NOX,04/09/2020 00:00,208,ug m-3 as NO2,R
EA6,NOX,05/09/2020 00:00,209.39999,ug m-3 as NO2,R
EA6,NOX,06/09/2020 00:00,203.39999,ug m-3 as NO2,R
EA6,NOX,07/09/2020 00:00,231.8,ug m-3 as NO2,R
EA6,NOX,08/09/2020 00:00,183.60001,ug m-3 as NO2,R
EA6,NOX,09/09/2020 00:00,156.3,ug m-3 as NO2,R
EA6,NOX,10/09/2020 00:00,117.7,ug m-3 as NO2,R
EA6,NOX,11/09/2020 00:00,256.5,ug m-3 as NO2,R
EA6,NOX,12/09/2020 00:00,155.89999,ug m-3 as NO2,R
EA6,NOX,13/09/2020 00:00,152.8,ug m-3 as NO2,R
EA6,NOX,14/09/2020 00:00,118.9,ug m-3 as NO2,R
EA6,NOX,15/09/2020 00:00,172.7,ug m-3 as NO2,R
EA6,NOX,16/09/2020 00:00,40.6,ug m-3 as NO2,R
EA6,NOX,17/09/2020 00:00,25.4,ug m-3 as NO2,R
EA6,NOX,18/09/2020 00:00,30.2,ug m-3 as NO2,R
EA6,NOX,19/09/2020 00:00,21.9,ug m-3 as NO2,R
EA6,NOX,20/09/2020 00:00,20.5,ug m-3 as NO2,R
EA6,NOX,21/09/2020 00:00,179.3,ug m-3 as NO2,R
EA6,NOX,22/09/2020 00:00,232.8,ug m-3 as NO2,R
EA6,NOX,23/09/2020 00:00,199.5,ug m-3 as NO2,R
EA6,NOX,24/09/2020 00:00,255,ug m-3 as NO2,R
EA6,NOX,25/09/2020 00:00,111.9,ug m-3 as NO2,R
EA6,NOX,26/09/2020 00:00,82.1,ug m-3 as NO2,R
EA6,NOX,27/09/2020 00:00,43.5,ug m-3 as NO2,R
EA6,NOX,28/09/2020 00:00,219.2,ug m-3 as NO2,R
EA6,NOX,29/09/2020 00:00,235.60001,ug m-3 as NO2,R
EA6,NOX,30/09/2020 00:00,246.5,ug m-3 as NO2,R
EA6,NOX,01/10/2020 00:00,231.60001,ug m-3 as NO2,R
EA6,NOX,02/10/2020 00:00,32.5,ug m-3 as NO2,R
EA6,NOX,03/10/2020 00:00,189.60001,ug m-3 as NO2,R
EA6,NOX,04/10/2020 00:00,114.1,ug m-3 as NO2,R
EA6,NOX,05/10/2020 00:00,188.39999,ug m-3 as NO2,R
EA6,NOX,06/10/2020 00:00,162.39999,ug m-3 as NO2,R
EA6,NOX,07/10/2020 00:00,222.10001,ug m-3 as NO2,R
EA6,NOX,08/10/2020 00:00,170.8,ug m-3 as NO2,R
EA6,NOX,09/10/2020 00:00,306.89999,ug m-3 as NO2,R
EA6,NOX,10/10/2020 00:00,191.89999,ug m-3 as NO2,R
EA6,NOX,11/10/2020 00:00,151.39999,ug m-3 as NO2,R
EA6,NOX,12/10/2020 00:00,336.39999,ug m-3 as NO2,R
EA6,NOX,13/10/2020 00:00,168.8,ug m-3 as NO2,R
EA6,NOX,14/10/2020 00:00,49,ug m-3 as NO2,R
EA6,NOX,15/10/2020 00:00,57,ug m-3 as NO2,R
EA6,NOX,16/10/2020 00:00,68.6,ug m-3 as NO2,R
EA6,NOX,17/10/2020 00:00,110.1,ug m-3 as NO2,R
EA6,NOX,18/10/2020 00:00,236.39999,ug m-3 as NO2,R
EA6,NOX,19/10/2020 00:00,214.5,ug m-3 as NO2,R
EA6,NOX,20/10/2020 00:00,245.39999,ug m-3 as NO2,R
EA6,NOX,21/10/2020 00:00,138.3,ug m-3 as NO2,R
EA6,NOX,22/10/2020 00:00,237.60001,ug m-3 as NO2,R
EA6,NOX,23/10/2020 00:00,230.39999,ug m-3 as NO2,R
EA6,NOX,24/10/2020 00:00,159.10001,ug m-3 as NO2,R
EA6,NOX,25/10/2020 00:00,189.10001,ug m-3 as NO2,R
EA6,NOX,26/10/2020 00:00,229,ug m-3 as NO2,R
EA6,NOX,27/10/2020 00:00,246.89999,ug m-3 as NO2,R
EA6,NOX,28/10/2020 00:00,177.39999,ug m-3 as NO2,R
EA6,NOX,29/10/2020 00:00,182.2,ug m-3 as NO2,R
EA6,NOX,30/10/2020 00:00,150.2,ug m-3 as NO2,R
EA6,NOX,31/10/2020 00:00,143.10001,ug m-3 as NO2,R
EA6,NOX,01/11/2020 00:00,78.3,ug m-3 as NO2,R
EA6,NOX,02/11/2020 00:00,90.8,ug m-3 as NO2,R
EA6,NOX,03/11/2020 00:00,239.60001,ug m-3 as NO2,R
EA6,NOX,04/11/2020 00:00,458.39999,ug m-3 as NO2,R
EA6,NOX,05/11/2020 00:00,488.79999,ug m-3 as NO2,R
EA6,NOX,06/11/2020 00:00,158,ug m-3 as NO2,R
EA6,NOX,07/11/2020 00:00,119.7,ug m-3 as NO2,R
EA6,NOX,08/11/2020 00:00,161.10001,ug m-3 as NO2,R
EA6,NOX,09/11/2020 00:00,144.7,ug m-3 as NO2,R
EA6,NOX,10/11/2020 00:00,266.20001,ug m-3 as NO2,R
EA6,NOX,11/11/2020 00:00,230.8,ug m-3 as NO2,R
EA6,NOX,12/11/2020 00:00,208.3,ug m-3 as NO2,R
EA6,NOX,13/11/2020 00:00,260,ug m-3 as NO2,R
EA6,NOX,14/11/2020 00:00,141.5,ug m-3 as NO2,R
EA6,NOX,15/11/2020 00:00,71.2,ug m-3 as NO2,R
EA6,NOX,16/11/2020 00:00,152.89999,ug m-3 as NO2,R
EA6,NOX,17/11/2020 00:00,137.60001,ug m-3 as NO2,R
EA6,NOX,18/11/2020 00:00,192.60001,ug m-3 as NO2,R
EA6,NOX,19/11/2020 00:00,203.7,ug m-3 as NO2,R
EA6,NOX,20/11/2020 00:00,343.20001,ug m-3 as NO2,R
EA6,NOX,21/11/2020 00:00,89.4,ug m-3 as NO2,R
EA6,NOX,22/11/2020 00:00,227.3,ug m-3 as NO2,R
EA6,NOX,23/11/2020 00:00,415,ug m-3 as NO2,R
EA6,NOX,24/11/2020 00:00,307.20001,ug m-3 as NO2,R
EA6,NOX,25/11/2020 00:00,269.89999,ug m-3 as NO2,R
EA6,NOX,26/11/2020 00:00,149.60001,ug m-3 as NO2,R
EA6,NOX,27/11/2020 00:00,294.5,ug m-3 as NO2,R
EA6,NOX,28/11/2020 00:00,82.8,ug m-3 as NO2,R
EA6,NOX,29/11/2020 00:00,119.9,ug m-3 as NO2,R
EA6,NOX,30/11/2020 00:00,200.5,ug m-3 as NO2,R
EA6,NOX,01/12/2020 00:00,212.3,ug m-3 as NO2,R
EA6,NOX,02/12/2020 00:00,364.79999,ug m-3 as NO2,R
EA6,NOX,03/12/2020 00:00,336.5,ug m-3 as NO2,R
EA6,NOX,04/12/2020 00:00,230.3,ug m-3 as NO2,R
EA6,NOX,05/12/2020 00:00,57.4,ug m-3 as NO2,R
EA6,NOX,06/12/2020 00:00,78.5,ug m-3 as NO2,R
EA6,NOX,07/12/2020 00:00,189.10001,ug m-3 as NO2,R
EA6,NOX,08/12/2020 00:00,447.89999,ug m-3 as NO2,R
EA6,NOX,09/12/2020 00:00,292.79999,ug m-3 as NO2,R
EA6,NOX,10/12/2020 00:00,115.5,ug m-3 as NO2,R
EA6,NOX,11/12/2020 00:00,345.79999,ug m-3 as NO2,R
EA6,NOX,12/12/2020 00:00,228.10001,ug m-3 as NO2,R
EA6,NOX,13/12/2020 00:00,159.60001,ug m-3 as NO2,R
EA6,NOX,14/12/2020 00:00,255.5,ug m-3 as NO2,R
EA6,NOX,15/12/2020 00:00,291.10001,ug m-3 as NO2,R
EA6,NOX,16/12/2020 00:00,288.5,ug m-3 as NO2,R
EA6,NOX,17/12/2020 00:00,250.5,ug m-3 as NO2,R
EA6,NOX,18/12/2020 00:00,192.8,ug m-3 as NO2,R
EA6,NOX,19/12/2020 00:00,191.7,ug m-3 as NO2,R
EA6,NOX,20/12/2020 00:00,136.89999,ug m-3 as NO2,R
EA6,NOX,21/12/2020 00:00,141.3,ug m-3 as NO2,R
EA6,NOX,22/12/2020 00:00,162.60001,ug m-3 as NO2,R
EA6,NOX,23/12/2020 00:00,207.60001,ug m-3 as NO2,R
EA6,NOX,24/12/2020 00:00,60.1,ug m-3 as NO2,R
EA6,NOX,25/12/2020 00:00,116,ug m-3 as NO2,R
EA6,NOX,26/12/2020 00:00,43,ug m-3 as NO2,R
EA6,NOX,27/12/2020 00:00,110,ug m-3 as NO2,R
EA6,NOX,28/12/2020 00:00,111.6,ug m-3 as NO2,R
EA6,NOX,29/12/2020 00:00,169.7,ug m-3 as NO2,R
EA6,NOX,30/12/2020 00:00,325.5,ug m-3 as NO2,R
EA6,NOX,31/12/2020 00:00,225.8,ug m-3 as NO2,R
EA6,PM10,01/01/2020 00:00,38.8,ug m-3 reference equiv by VCM,R
EA6,PM10,02/01/2020 00:00,17.9,ug m-3 reference equiv by VCM,R
EA6,PM10,03/01/2020 00:00,19.2,ug m-3 reference equiv by VCM,R
EA6,PM10,04/01/2020 00:00,21.1,ug m-3 reference equiv by VCM,R
EA6,PM10,05/01/2020 00:00,10.3,ug m-3 reference equiv by VCM,R
EA6,PM10,06/01/2020 00:00,21.9,ug m-3 reference equiv by VCM,R
EA6,PM10,07/01/2020 00:00,23.4,ug m-3 reference equiv by VCM,R
EA6,PM10,08/01/2020 00:00,39,ug m-3 reference equiv by VCM,R
EA6,PM10,09/01/2020 00:00,17.8,ug m-3 reference equiv by VCM,R
EA6,PM10,10/01/2020 00:00,25.1,ug m-3 reference equiv by VCM,R
EA6,PM10,11/01/2020 00:00,21,ug m-3 reference equiv by VCM,R
EA6,PM10,12/01/2020 00:00,10.8,ug m-3 reference equiv by VCM,R
EA6,PM10,13/01/2020 00:00,19,ug m-3 reference equiv by VCM,R
EA6,PM10,14/01/2020 00:00,13.2,ug m-3 reference equiv by VCM,R
EA6,PM10,15/01/2020 00:00,17.3,ug m-3 reference equiv by VCM,R
EA6,PM10,16/01/2020 00:00,25.2,ug m-3 reference equiv by VCM,R
EA6,PM10,17/01/2020 00:00,19.7,ug m-3 reference equiv by VCM,R
EA6,PM10,18/01/2020 00:00,28.4,ug m-3 reference equiv by VCM,R
EA6,PM10,19/01/2020 00:00,30,ug m-3 reference equiv by VCM,R
EA6,PM10,20/01/2020 00:00,55.7,ug m-3 reference equiv by VCM,R
EA6,PM10,21/01/2020 00:00,52.5,ug m-3 reference equiv by VCM,R
EA6,PM10,22/01/2020 00:00,30.3,ug m-3 reference equiv by VCM,R
EA6,PM10,23/01/2020 00:00,18.5,ug m-3 reference equiv by VCM,R
EA6,PM10,24/01/2020 00:00,26.9,ug m-3 reference equiv by VCM,R
EA6,PM10,25/01/2020 00:00,33.9,ug m-3 reference equiv by VCM,R
EA6,PM10,26/01/2020 00:00,25.5,ug m-3 reference equiv by VCM,R
EA6,PM10,27/01/2020 00:00,17,ug m-3 reference equiv by VCM,R
EA6,PM10,28/01/2020 00:00,14.2,ug m-3 reference equiv by VCM,R
EA6,PM10,29/01/2020 00:00,25.8,ug m-3 reference equiv by VCM,R
EA6,PM10,30/01/2020 00:00,12.3,ug m-3 reference equiv by VCM,R
EA6,PM10,31/01/2020 00:00,7.7,ug m-3 reference equiv by VCM,R
EA6,PM10,01/02/2020 00:00,21.1,ug m-3 reference equiv by VCM,R
EA6,PM10,02/02/2020 00:00,19.7,ug m-3 reference equiv by VCM,R
EA6,PM10,03/02/2020 00:00,38.4,ug m-3 reference equiv by VCM,R
EA6,PM10,04/02/2020 00:00,39.4,ug m-3 reference equiv by VCM,R
EA6,PM10,05/02/2020 00:00,53.6,ug m-3 reference equiv by VCM,R
EA6,PM10,06/02/2020 00:00,48,ug m-3 reference equiv by VCM,R
EA6,PM10,07/02/2020 00:00,50.9,ug m-3 reference equiv by VCM,R
EA6,PM10,08/02/2020 00:00,30.4,ug m-3 reference equiv by VCM,R
EA6,PM10,09/02/2020 00:00,13.5,ug m-3 reference equiv by VCM,R
EA6,PM10,10/02/2020 00:00,15.2,ug m-3 reference equiv by VCM,R
EA6,PM10,11/02/2020 00:00,25.7,ug m-3 reference equiv by VCM,R
EA6,PM10,12/02/2020 00:00,27.5,ug m-3 reference equiv by VCM,R
EA6,PM10,13/02/2020 00:00,15.4,ug m-3 reference equiv by VCM,R
EA6,PM10,14/02/2020 00:00,33.6,ug m-3 reference equiv by VCM,R
EA6,PM10,15/02/2020 00:00,8.4,ug m-3 reference equiv by VCM,R
EA6,PM10,16/02/2020 00:00,4.8,ug m-3 reference equiv by VCM,R
EA6,PM10,17/02/2020 00:00,25.5,ug m-3 reference equiv by VCM,R
EA6,PM10,18/02/2020 00:00,17,ug m-3 reference equiv by VCM,R
EA6,PM10,19/02/2020 00:00,19.9,ug m-3 reference equiv by VCM,R
EA6,PM10,20/02/2020 00:00,10.9,ug m-3 reference equiv by VCM,R
EA6,PM10,21/02/2020 00:00,24,ug m-3 reference equiv by VCM,R
EA6,PM10,22/02/2020 00:00,18.9,ug m-3 reference equiv by VCM,R
EA6,PM10,23/02/2020 00:00,11.8,ug m-3 reference equiv by VCM,R
EA6,PM10,24/02/2020 00:00,8.8,ug m-3 reference equiv by VCM,R
EA6,PM10,25/02/2020 00:00,17.1,ug m-3 reference equiv by VCM,R
EA6,PM10,26/02/2020 00:00,29.5,ug m-3 reference equiv by VCM,R
EA6,PM10,27/02/2020 00:00,19.1,ug m-3 reference equiv by VCM,R
EA6,PM10,28/02/2020 00:00,14.8,ug m-3 reference equiv by VCM,R
EA6,PM10,29/02/2020 00:00,17.6,ug m-3 reference equiv by VCM,R
EA6,PM10,01/03/2020 00:00,13.2,ug m-3 reference equiv by VCM,R
EA6,PM10,02/03/2020 00:00,16.2,ug m-3 reference equiv by VCM,R
EA6,PM10,03/03/2020 00:00,28.9,ug m-3 reference equiv by VCM,R
EA6,PM10,04/03/2020 00:00,21.2,ug m-3 reference equiv by VCM,R
EA6,PM10,05/03/2020 00:00,11.7,ug m-3 reference equiv by VCM,R
EA6,PM10,06/03/2020 00:00,39.6,ug m-3 reference equiv by VCM,R
EA6,PM10,07/03/2020 00:00,28.6,ug m-3 reference equiv by VCM,R
EA6,PM10,08/03/2020 00:00,12.3,ug m-3 reference equiv by VCM,R
EA6,PM10,09/03/2020 00:00,21.5,ug m-3 reference equiv by VCM,R
EA6,PM10,10/03/2020 00:00,7.5,ug m-3 reference equiv by VCM,R
EA6,PM10,11/03/2020 00:00,15.5,ug m-3 reference equiv by VCM,R
EA6,PM10,12/03/2020 00:00,22.2,ug m-3 reference equiv by VCM,R
EA6,PM10,13/03/2020 00:00,39.3,ug m-3 reference equiv by VCM,R
EA6,PM10,14/03/2020 00:00,19.4,ug m-3 reference equiv by VCM,R
EA6,PM10,15/03/2020 00:00,14.4,ug m-3 reference equiv by VCM,R
EA6,PM10,16/03/2020 00:00,31.9,ug m-3 reference equiv by VCM,R
EA6,PM10,17/03/2020 00:00,27.1,ug m-3 reference equiv by VCM,R
EA6,PM10,18/03/2020 00:00,27.3,ug m-3 reference equiv by VCM,R
EA6,PM10,19/03/2020 00:00,14.8,ug m-3 reference equiv by VCM,R
EA6,PM10,20/03/2020 00:00,11.6,ug m-3 reference equiv by VCM,R
EA6,PM10,21/03/2020 00:00,14.1,ug m-3 reference equiv by VCM,R
EA6,PM10,22/03/2020 00:00,14.4,ug m-3 reference equiv by VCM,R
EA6,PM10,23/03/2020 00:00,20.3,ug m-3 reference equiv by VCM,R
EA6,PM10,24/03/2020 00:00,26,ug m-3 reference equiv by VCM,R
EA6,PM10,25/03/2020 00:00,28.3,ug m-3 reference equiv by VCM,R
EA6,PM10,26/03/2020 00:00,33.9,ug m-3 reference equiv by VCM,R
EA6,PM10,27/03/2020 00:00,36.3,ug m-3 reference equiv by VCM,R
EA6,PM10,28/03/2020 00:00,21.9,ug m-3 reference equiv by VCM,R
EA6,PM10,29/03/2020 00:00,15.9,ug m-3 reference equiv by VCM,R
EA6,PM10,30/03/2020 00:00,11.1,ug m-3 reference equiv by VCM,R
EA6,PM10,31/03/2020 00:00,13.2,ug m-3 reference equiv by VCM,R
EA6,PM10,01/04/2020 00:00,31.1,ug m-3 reference equiv by VCM,R
EA6,PM10,02/04/2020 00:00,33.4,ug m-3 reference equiv by VCM,R
EA6,PM10,03/04/2020 00:00,40.5,ug m-3 reference equiv by VCM,R
EA6,PM10,04/04/2020 00:00,21.8,ug m-3 reference equiv by VCM,R
EA6,PM10,05/04/2020 00:00,16.1,ug m-3 reference equiv by VCM,R
EA6,PM10,06/04/2020 00:00,23.4,ug m-3 reference equiv by VCM,R
EA6,PM10,07/04/2020 00:00,29.8,ug m-3 reference equiv by VCM,R
EA6,PM10,08/04/2020 00:00,42.7,ug m-3 reference equiv by VCM,R
EA6,PM10,09/04/2020 00:00,48.7,ug m-3 reference equiv by VCM,R
EA6,PM10,10/04/2020 00:00,37.3,ug m-3 reference equiv by VCM,R
EA6,PM10,11/04/2020 00:00,35.1,ug m-3 reference equiv by VCM,R
EA6,PM10,12/04/2020 00:00,25.8,ug m-3 reference equiv by VCM,R
EA6,PM10,13/04/2020 00:00,14.7,ug m-3 reference equiv by VCM,R
EA6,PM10,14/04/2020 00:00,12.9,ug m-3 reference equiv by VCM,R
EA6,PM10,15/04/2020 00:00,30.5,ug m-3 reference equiv by VCM,R
EA6,PM10,16/04/2020 00:00,48.7,ug m-3 reference equiv by VCM,R
EA6,PM10,17/04/2020 00:00,16.9,ug m-3 reference equiv by VCM,R
EA6,PM10,18/04/2020 00:00,19.9,ug m-3 reference equiv by VCM,R
EA6,PM10,19/04/2020 00:00,16.7,ug m-3 reference equiv by VCM,R
EA6,PM10,20/04/2020 00:00,23.6,ug m-3 reference equiv by VCM,R
EA6,PM10,21/04/2020 00:00,30,ug m-3 reference equiv by VCM,R
EA6,PM10,22/04/2020 00:00,29.6,ug m-3 reference equiv by VCM,R
EA6,PM10,23/04/2020 00:00,31.5,ug m-3 reference equiv by VCM,R
EA6,PM10,24/04/2020 00:00,27.9,ug m-3 reference equiv by VCM,R
EA6,PM10,25/04/2020 00:00,11.6,ug m-3 reference equiv by VCM,R
EA6,PM10,26/04/2020 00:00,15.4,ug m-3 reference equiv by VCM,R
EA6,PM10,27/04/2020 00:00,28.8,ug m-3 reference equiv by VCM,R
EA6,PM10,28/04/2020 00:00,7.8,ug m-3 reference equiv by VCM,R
EA6,PM10,29/04/2020 00:00,22.2,ug m-3 reference equiv by VCM,R
EA6,PM10,30/04/2020 00:00,19,ug m-3 reference equiv by VCM,R
EA6,PM10,01/05/2020 00:00,23.2,ug m-3 reference equiv by VCM,R
EA6,PM10,02/05/2020 00:00,15.4,ug m-3 reference equiv by VCM,R
EA6,PM10,03/05/2020 00:00,14.9,ug m-3 reference equiv by VCM,R
EA6,PM10,04/05/2020 00:00,16.1,ug m-3 reference equiv by VCM,R
EA6,PM10,05/05/2020 00:00,13.3,ug m-3 reference equiv by VCM,R
EA6,PM10,06/05/2020 00:00,18.9,ug m-3 reference equiv by VCM,R
EA6,PM10,07/05/2020 00:00,28.5,ug m-3 reference equiv by VCM,R
EA6,PM10,08/05/2020 00:00,25.6,ug m-3 reference equiv by VCM,R
EA6,PM10,09/05/2020 00:00,32.4,ug m-3 reference equiv by VCM,R
EA6,PM10,10/05/2020 00:00,28.5,ug m-3 reference equiv by VCM,R
EA6,PM10,11/05/2020 00:00,21.3,ug m-3 reference equiv by VCM,R
EA6,PM10,12/05/2020 00:00,16.7,ug m-3 reference equiv by VCM,R
EA6,PM10,13/05/2020 00:00,12.2,ug m-3 reference equiv by VCM,R
EA6,PM10,14/05/2020 00:00,8.9,ug m-3 reference equiv by VCM,R
EA6,PM10,15/05/2020 00:00,20,ug m-3 reference equiv by VCM,R
EA6,PM10,16/05/2020 00:00,19.3,ug m-3 reference equiv by VCM,R
EA6,PM10,17/05/2020 00:00,16.9,ug m-3 reference equiv by VCM,R
EA6,PM10,18/05/2020 00:00,26.4,ug m-3 reference equiv by VCM,R
EA6,PM10,19/05/2020 00:00,19.9,ug m-3 reference equiv by VCM,R
EA6,PM10,20/05/2020 00:00,29.8,ug m-3 reference equiv by VCM,R
EA6,PM10,21/05/2020 00:00,26.7,ug m-3 reference equiv by VCM,R
EA6,PM10,22/05/2020 00:00,37.8,ug m-3 reference equiv by VCM,R
EA6,PM10,23/05/2020 00:00,33.1,ug m-3 reference equiv by VCM,R
EA6,PM10,24/05/2020 00:00,22,ug m-3 reference equiv by VCM,R
EA6,PM10,25/05/2020 00:00,23.8,ug m-3 reference equiv by VCM,R
EA6,PM10,26/05/2020 00:00,24.3,ug m-3 reference equiv by VCM,R
EA6,PM10,27/05/2020 00:00,18.7,ug m-3 reference equiv by VCM,R
EA6,PM10,28/05/2020 00:00,14.5,ug m-3 reference equiv by VCM,R
EA6,PM10,29/05/2020 00:00,17.8,ug m-3 reference equiv by VCM,R
EA6,PM10,30/05/2020 00:00,17.2,ug m-3 reference equiv by VCM,R
EA6,PM10,31/05/2020 00:00,13.7,ug m-3 reference equiv by VCM,R
EA6,PM10,01/06/2020 00:00,14.9,ug m-3 reference equiv by VCM,R
EA6,PM10,02/06/2020 00:00,19.3,ug m-3 reference equiv by VCM,R
EA6,PM10,03/06/2020 00:00,26.3,ug m-3 reference equiv by VCM,R
EA6,PM10,04/06/2020 00:00,13.6,ug m-3 reference equiv by VCM,R
EA6,PM10,05/06/2020 00:00,17.3,ug m-3 reference equiv by VCM,R
EA6,PM10,06/06/2020 00:00,12.4,ug m-3 reference equiv by VCM,R
EA6,PM10,07/06/2020 00:00,10.4,ug m-3 reference equiv by VCM,R
EA6,PM10,08/06/2020 00:00,10.9,ug m-3 reference equiv by VCM,R
EA6,PM10,09/06/2020 00:00,17.8,ug m-3 reference equiv by VCM,R
EA6,PM10,10/06/2020 00:00,29.6,ug m-3 reference equiv by VCM,R
EA6,PM10,11/06/2020 00:00,20.9,ug m-3 reference equiv by VCM,R
EA6,PM10,12/06/2020 00:00,24,ug m-3 reference equiv by VCM,R
EA6,PM10,13/06/2020 00:00,15.4,ug m-3 reference equiv by VCM,R
EA6,PM10,14/06/2020 00:00,18.2,ug m-3 reference equiv by VCM,R
EA6,PM10,15/06/2020 00:00,22.1,ug m-3 reference equiv by VCM,R
EA6,PM10,16/06/2020 00:00,23.6,ug m-3 reference equiv by VCM,R
EA6,PM10,17/06/2020 00:00,22,ug m-3 reference equiv by VCM,R
EA6,PM10,18/06/2020 00:00,17.8,ug m-3 reference equiv by VCM,R
EA6,PM10,19/06/2020 00:00,20.4,ug m-3 reference equiv by VCM,R
EA6,PM10,20/06/2020 00:00,19.1,ug m-3 reference equiv by VCM,R
EA6,PM10,21/06/2020 00:00,13,ug m-3 reference equiv by VCM,R
EA6,PM10,22/06/2020 00:00,33.2,ug m-3 reference equiv by VCM,R
EA6,PM10,23/06/2020 00:00,28.3,ug m-3 reference equiv by VCM,R
EA6,PM10,24/06/2020 00:00,25.9,ug m-3 reference equiv by VCM,R
EA6,PM10,25/06/2020 00:00,26.4,ug m-3 reference equiv by VCM,R
EA6,PM10,26/06/2020 00:00,29.3,ug m-3 reference equiv by VCM,R
EA6,PM10,27/06/2020 00:00,15.4,ug m-3 reference equiv by VCM,R
EA6,PM10,28/06/2020 00:00,10.2,ug m-3 reference equiv by VCM,R
EA6,PM10,29/06/2020 00:00,28.6,ug m-3 reference equiv by VCM,R
EA6,PM10,30/06/2020 00:00,15.2,ug m-3 reference equiv by VCM,R
EA6,PM10,01/07/2020 00:00,13.3,ug m-3 reference equiv by VCM,R
EA6,PM10,02/07/2020 00:00,16.2,ug m-3 reference equiv by VCM,R
EA6,PM10,03/07/2020 00:00,15.9,ug m-3 reference equiv by VCM,R
EA6,PM10,04/07/2020 00:00,8.9,ug m-3 reference equiv by VCM,R
EA6,PM10,05/07/2020 00:00,13.2,ug m-3 reference equiv by VCM,R
EA6,PM10,06/07/2020 00:00,17.9,ug m-3 reference equiv by VCM,R
EA6,PM10,07/07/2020 00:00,22.1,ug m-3 reference equiv by VCM,R
EA6,PM10,08/07/2020 00:00,16.2,ug m-3 reference equiv by VCM,R
EA6,PM10,09/07/2020 00:00,12.9,ug m-3 reference equiv by VCM,R
EA6,PM10,10/07/2020 00:00,11.7,ug m-3 reference equiv by VCM,R
EA6,PM10,11/07/2020 00:00,14.6,ug m-3 reference equiv by VCM,R
EA6,PM10,12/07/2020 00:00,16,ug m-3 reference equiv by VCM,R
EA6,PM10,13/07/2020 00:00,21.9,ug m-3 reference equiv by VCM,R
EA6,PM10,14/07/2020 00:00,16,ug m-3 reference equiv by VCM,R
EA6,PM10,15/07/2020 00:00,19.2,ug m-3 reference equiv by VCM,R
EA6,PM10,16/07/2020 00:00,13.1,ug m-3 reference equiv by VCM,R
EA6,PM10,17/07/2020 00:00,27.3,ug m-3 reference equiv by VCM,R
EA6,PM10,18/07/2020 00:00,16.8,ug m-3 reference equiv by VCM,R
EA6,PM10,19/07/2020 00:00,7.7,ug m-3 reference equiv by VCM,R
EA6,PM10,20/07/2020 00:00,12.5,ug m-3 reference equiv by VCM,R
EA6,PM10,21/07/2020 00:00,13,ug m-3 reference equiv by VCM,R
EA6,PM10,22/07/2020 00:00,36.3,ug m-3 reference equiv by VCM,R
EA6,PM10,23/07/2020 00:00,22.8,ug m-3 reference equiv by VCM,R
EA6,PM10,24/07/2020 00:00,18.8,ug m-3 reference equiv by VCM,R
EA6,PM10,25/07/2020 00:00,15.3,ug m-3 reference equiv by VCM,R
EA6,PM10,26/07/2020 00:00,17.1,ug m-3 reference equiv by VCM,R
EA6,PM10,27/07/2020 00:00,21.4,ug m-3 reference equiv by VCM,R
EA6,PM10,28/07/2020 00:00,22,ug m-3 reference equiv by VCM,R
EA6,PM10,29/07/2020 00:00,24.9,ug m-3 reference equiv by VCM,R
EA6,PM10,30/07/2020 00:00,25.9,ug m-3 reference equiv by VCM,R
EA6,PM10,31/07/2020 00:00,34,ug m-3 reference equiv by VCM,R
EA6,PM10,01/08/2020 00:00,17.9,ug m-3 reference equiv by VCM,R
EA6,PM10,02/08/2020 00:00,12.4,ug m-3 reference equiv by VCM,R
EA6,PM10,03/08/2020 00:00,14.8,ug m-3 reference equiv by VCM,R
EA6,PM10,04/08/2020 00:00,25.6,ug m-3 reference equiv by VCM,R
EA6,PM10,05/08/2020 00:00,17.8,ug m-3 reference equiv by VCM,R
EA6,PM10,06/08/2020 00:00,23.6,ug m-3 reference equiv by VCM,R
EA6,PM10,07/08/2020 00:00,38.6,ug m-3 reference equiv by VCM,R
EA6,PM10,08/08/2020 00:00,30.7,ug m-3 reference equiv by VCM,R
EA6,PM10,09/08/2020 00:00,24.4,ug m-3 reference equiv by VCM,R
EA6,PM10,10/08/2020 00:00,29.9,ug m-3 reference equiv by VCM,R
EA6,PM10,11/08/2020 00:00,38.8,ug m-3 reference equiv by VCM,R
EA6,PM10,12/08/2020 00:00,47.9,ug m-3 reference equiv by VCM,R
EA6,PM10,13/08/2020 00:00,26.3,ug m-3 reference equiv by VCM,R
EA6,PM10,14/08/2020 00:00,18.6,ug m-3 reference equiv by VCM,R
EA6,PM10,15/08/2020 00:00,20,ug m-3 reference equiv by VCM,R
EA6,PM10,16/08/2020 00:00,28.4,ug m-3 reference equiv by VCM,R
EA6,PM10,17/08/2020 00:00,19.9,ug m-3 reference equiv by VCM,R
EA6,PM10,18/08/2020 00:00,16,ug m-3 reference equiv by VCM,R
EA6,PM10,19/08/2020 00:00,13.4,ug m-3 reference equiv by VCM,R
EA6,PM10,20/08/2020 00:00,29.4,ug m-3 reference equiv by VCM,R
EA6,PM10,21/08/2020 00:00,24.2,ug m-3 reference equiv by VCM,R
EA6,PM10,22/08/2020 00:00,14.6,ug m-3 reference equiv by VCM,R
EA6,PM10,23/08/2020 00:00,14.4,ug m-3 reference equiv by VCM,R
EA6,PM10,24/08/2020 00:00,19.4,ug m-3 reference equiv by VCM,R
EA6,PM10,25/08/2020 00:00,15.1,ug m-3 reference equiv by VCM,R
EA6,PM10,26/08/2020 00:00,16.5,ug m-3 reference equiv by VCM,R
EA6,PM10,27/08/2020 00:00,22.5,ug m-3 reference equiv by VCM,R
EA6,PM10,28/08/2020 00:00,17.4,ug m-3 reference equiv by VCM,R
EA6,PM10,29/08/2020 00:00,10.8,ug m-3 reference equiv by VCM,R
EA6,PM10,30/08/2020 00:00,13.3,ug m-3 reference equiv by VCM,R
EA6,PM10,31/08/2020 00:00,19.3,ug m-3 reference equiv by VCM,R
EA6,PM10,01/09/2020 00:00,28.2,ug m-3 reference equiv by VCM,R
EA6,PM10,02/09/2020 00:00,26.6,ug m-3 reference equiv by VCM,R
EA6,PM10,03/09/2020 00:00,16,ug m-3 reference equiv by VCM,R
EA6,PM10,04/09/2020 00:00,25.4,ug m-3 reference equiv by VCM,R
EA6,PM10,05/09/2020 00:00,23,ug m-3 reference equiv by VCM,R
EA6,PM10,06/09/2020 00:00,19.4,ug m-3 reference equiv by VCM,R
EA6,PM10,07/09/2020 00:00,22.2,ug m-3 reference equiv by VCM,R
EA6,PM10,08/09/2020 00:00,19,ug m-3 reference equiv by VCM,R
EA6,PM10,09/09/2020 00:00,21.2,ug m-3 reference equiv by VCM,R
EA6,PM10,10/09/2020 00:00,19.8,ug m-3 reference equiv by VCM,R
EA6,PM10,11/09/2020 00:00,25.6,ug m-3 reference equiv by VCM,R
EA6,PM10,12/09/2020 00:00,16.3,ug m-3 reference equiv by VCM,R
EA6,PM10,13/09/2020 00:00,15.4,ug m-3 reference equiv by VCM,R
EA6,PM10,14/09/2020 00:00,25.6,ug m-3 reference equiv by VCM,R
EA6,PM10,15/09/2020 00:00,49.2,ug m-3 reference equiv by VCM,R
EA6,PM10,16/09/2020 00:00,26.9,ug m-3 reference equiv by VCM,R
EA6,PM10,17/09/2020 00:00,20.1,ug m-3 reference equiv by VCM,R
EA6,PM10,18/09/2020 00:00,26.4,ug m-3 reference equiv by VCM,R
EA6,PM10,19/09/2020 00:00,23.9,ug m-3 reference equiv by VCM,R
EA6,PM10,20/09/2020 00:00,22.3,ug m-3 reference equiv by VCM,R
EA6,PM10,21/09/2020 00:00,36.7,ug m-3 reference equiv by VCM,R
EA6,PM10,22/09/2020 00:00,36.1,ug m-3 reference equiv by VCM,R
EA6,PM10,23/09/2020 00:00,20.8,ug m-3 reference equiv by VCM,R
EA6,PM10,24/09/2020 00:00,21.4,ug m-3 reference equiv by VCM,R
EA6,PM10,25/09/2020 00:00,13.9,ug m-3 reference equiv by VCM,R
EA6,PM10,26/09/2020 00:00,12.9,ug m-3 reference equiv by VCM,R
EA6,PM10,27/09/2020 00:00,10.3,ug m-3 reference equiv by VCM,R
EA6,PM10,28/09/2020 00:00,22.2,ug m-3 reference equiv by VCM,R
EA6,PM10,29/09/2020 00:00,21.7,ug m-3 reference equiv by VCM,R
EA6,PM10,30/09/2020 00:00,22.2,ug m-3 reference equiv by VCM,R
EA6,PM10,01/10/2020 00:00,21.1,ug m-3 reference equiv by VCM,R
EA6,PM10,02/10/2020 00:00,7.2,ug m-3 reference equiv by VCM,R
EA6,PM10,03/10/2020 00:00,16.4,ug m-3 reference equiv by VCM,R
EA6,PM10,04/10/2020 00:00,6.1,ug m-3 reference equiv by VCM,R
EA6,PM10,05/10/2020 00:00,15.9,ug m-3 reference equiv by VCM,R
EA6,PM10,06/10/2020 00:00,14.9,ug m-3 reference equiv by VCM,R
EA6,PM10,07/10/2020 00:00,22.1,ug m-3 reference equiv by VCM,R
EA6,PM10,08/10/2020 00:00,14.4,ug m-3 reference equiv by VCM,R
EA6,PM10,09/10/2020 00:00,25.7,ug m-3 reference equiv by VCM,R
EA6,PM10,10/10/2020 00:00,15.7,ug m-3 reference equiv by VCM,R
EA6,PM10,11/10/2020 00:00,13.1,ug m-3 reference equiv by VCM,R
EA6,PM10,12/10/2020 00:00,31.1,ug m-3 reference equiv by VCM,R
EA6,PM10,13/10/2020 00:00,14.8,ug m-3 reference equiv by VCM,R
EA6,PM10,14/10/2020 00:00,12.5,ug m-3 reference equiv by VCM,R
EA6,PM10,15/10/2020 00:00,12,ug m-3 reference equiv by VCM,R
EA6,PM10,16/10/2020 00:00,14,ug m-3 reference equiv by VCM,R
EA6,PM10,17/10/2020 00:00,14.8,ug m-3 reference equiv by VCM,R
EA6,PM10,18/10/2020 00:00,25.3,ug m-3 reference equiv by VCM,R
EA6,PM10,19/10/2020 00:00,25.8,ug m-3 reference equiv by VCM,R
EA6,PM10,20/10/2020 00:00,29.7,ug m-3 reference equiv by VCM,R
EA6,PM10,21/10/2020 00:00,13.1,ug m-3 reference equiv by VCM,R
EA6,PM10,22/10/2020 00:00,24.1,ug m-3 reference equiv by VCM,R
EA6,PM10,23/10/2020 00:00,23.5,ug m-3 reference equiv by VCM,R
EA6,PM10,24/10/2020 00:00,16.1,ug m-3 reference equiv by VCM,R
EA6,PM10,25/10/2020 00:00,14.8,ug m-3 reference equiv by VCM,R
EA6,PM10,26/10/2020 00:00,21.8,ug m-3 reference equiv by VCM,R
EA6,PM10,27/10/2020 00:00,19.1,ug m-3 reference equiv by VCM,R
EA6,PM10,28/10/2020 00:00,19.2,ug m-3 reference equiv by VCM,R
EA6,PM10,29/10/2020 00:00,16.8,ug m-3 reference equiv by VCM,R
EA6,PM10,30/10/2020 00:00,16.8,ug m-3 reference equiv by VCM,R
EA6,PM10,31/10/2020 00:00,19.4,ug m-3 reference equiv by VCM,R
EA6,PM10,01/11/2020 00:00,15.4,ug m-3 reference equiv by VCM,R
EA6,PM10,02/11/2020 00:00,14.1,ug m-3 reference equiv by VCM,R
EA6,PM10,03/11/2020 00:00,22.2,ug m-3 reference equiv by VCM,R
EA6,PM10,04/11/2020 00:00,44.2,ug m-3 reference equiv by VCM,R
EA6,PM10,05/11/2020 00:00,73.5,ug m-3 reference equiv by VCM,R
EA6,PM10,06/11/2020 00:00,49.5,ug m-3 reference equiv by VCM,R
EA6,PM10,07/11/2020 00:00,36.2,ug m-3 reference equiv by VCM,R
EA6,PM10,08/11/2020 00:00,39.9,ug m-3 reference equiv by VCM,R
EA6,PM10,09/11/2020 00:00,23.5,ug m-3 reference equiv by VCM,R
EA6,PM10,10/11/2020 00:00,78.5,ug m-3 reference equiv by VCM,R
EA6,PM10,11/11/2020 00:00,31.8,ug m-3 reference equiv by VCM,R
EA6,PM10,12/11/2020 00:00,25.9,ug m-3 reference equiv by VCM,R
EA6,PM10,13/11/2020 00:00,29.8,ug m-3 reference equiv by VCM,R
EA6,PM10,14/11/2020 00:00,19.7,ug m-3 reference equiv by VCM,R
EA6,PM10,15/11/2020 00:00,10.9,ug m-3 reference equiv by VCM,R
EA6,PM10,16/11/2020 00:00,16.8,ug m-3 reference equiv by VCM,R
EA6,PM10,17/11/2020 00:00,17.9,ug m-3 reference equiv by VCM,R
EA6,PM10,18/11/2020 00:00,25.6,ug m-3 reference equiv by VCM,R
EA6,PM10,19/11/2020 00:00,19.1,ug m-3 reference equiv by VCM,R
EA6,PM10,20/11/2020 00:00,28.1,ug m-3 reference equiv by VCM,R
EA6,PM10,21/11/2020 00:00,11.7,ug m-3 reference equiv by VCM,R
EA6,PM10,22/11/2020 00:00,20.3,ug m-3 reference equiv by VCM,R
EA6,PM10,23/11/2020 00:00,42,ug m-3 reference equiv by VCM,R
EA6,PM10,24/11/2020 00:00,27.6,ug m-3 reference equiv by VCM,R
EA6,PM10,25/11/2020 00:00,33.5,ug m-3 reference equiv by VCM,R
EA6,PM10,26/11/2020 00:00,27.4,ug m-3 reference equiv by VCM,R
EA6,PM10,27/11/2020 00:00,37.6,ug m-3 reference equiv by VCM,R
EA6,PM10,28/11/2020 00:00,38.8,ug m-3 reference equiv by VCM,R
EA6,PM10,29/11/2020 00:00,28.8,ug m-3 reference equiv by VCM,R
EA6,PM10,30/11/2020 00:00,26.9,ug m-3 reference equiv by VCM,R
EA6,PM10,01/12/2020 00:00,25.5,ug m-3 reference equiv by VCM,R
EA6,PM10,02/12/2020 00:00,38.9,ug m-3 reference equiv by VCM,R
EA6,PM10,03/12/2020 00:00,18.9,ug m-3 reference equiv by VCM,R
EA6,PM10,04/12/2020 00:00,18.5,ug m-3 reference equiv by VCM,R
EA6,PM10,05/12/2020 00:00,11.4,ug m-3 reference equiv by VCM,R
EA6,PM10,06/12/2020 00:00,13.1,ug m-3 reference equiv by VCM,R
EA6,PM10,07/12/2020 00:00,21.2,ug m-3 reference equiv by VCM,R
EA6,PM10,08/12/2020 00:00,29.5,ug m-3 reference equiv by VCM,R
EA6,PM10,09/12/2020 00:00,31.3,ug m-3 reference equiv by VCM,R
EA6,PM10,10/12/2020 00:00,19.3,ug m-3 reference equiv by VCM,R
EA6,PM10,11/12/2020 00:00,23,ug m-3 reference equiv by VCM,R
EA6,PM10,12/12/2020 00:00,22.3,ug m-3 reference equiv by VCM,R
EA6,PM10,13/12/2020 00:00,12.3,ug m-3 reference equiv by VCM,R
EA6,PM10,14/12/2020 00:00,19,ug m-3 reference equiv by VCM,R
EA6,PM10,15/12/2020 00:00,20.9,ug m-3 reference equiv by VCM,R
EA6,PM10,16/12/2020 00:00,21.7,ug m-3 reference equiv by VCM,R
EA6,PM10,17/12/2020 00:00,25.5,ug m-3 reference equiv by VCM,R
EA6,PM10,18/12/2020 00:00,14.3,ug m-3 reference equiv by VCM,R
EA6,PM10,19/12/2020 00:00,17.5,ug m-3 reference equiv by VCM,R
EA6,PM10,20/12/2020 00:00,12.8,ug m-3 reference equiv by VCM,R
EA6,PM10,21/12/2020 00:00,8.7,ug m-3 reference equiv by VCM,R
EA6,PM10,22/12/2020 00:00,15,ug m-3 reference equiv by VCM,R
EA6,PM10,23/12/2020 00:00,13.1,ug m-3 reference equiv by VCM,R
EA6,PM10,24/12/2020 00:00,5.2,ug m-3 reference equiv by VCM,R
EA6,PM10,25/12/2020 00:00,12.7,ug m-3 reference equiv by VCM,R
EA6,PM10,26/12/2020 00:00,4.9,ug m-3 reference equiv by VCM,R
EA6,PM10,27/12/2020 00:00,11.4,ug m-3 reference equiv by VCM,R
EA6,PM10,28/12/2020 00:00,10.4,ug m-3 reference equiv by VCM,R
EA6,PM10,29/12/2020 00:00,16.3,ug m-3 reference equiv by VCM,R
EA6,PM10,30/12/2020 00:00,24.4,ug m-3 reference equiv by VCM,R
EA6,PM10,31/12/2020 00:00,19.8,ug m-3 reference equiv by VCM,R
